TA_YMD,MCT_SGG_CD,visitor_type,TS_AT,USE_CNT
20250701,강원 춘천시,외부방문객,1148221053,32270
20250701,강원 춘천시,정보없음,6248481,144
20250701,강원 춘천시,지역주민,7000863259,217553
20250701,서울 강남구,외부방문객,41071274777,1271191
20250701,서울 강남구,정보없음,40116347,1027
20250701,서울 강남구,지역주민,39765210794,1024347
20250702,강원 춘천시,외부방문객,1162894085,34790
20250702,강원 춘천시,정보없음,2781313,122
20250702,강원 춘천시,지역주민,6590622341,218538
20250702,서울 강남구,외부방문객,35200616940,1242465
20250702,서울 강남구,정보없음,24970047,1244
20250702,서울 강남구,지역주민,34292335184,1030921
20250703,강원 춘천시,외부방문객,1106548618,35252
20250703,강원 춘천시,정보없음,2748870,134
20250703,강원 춘천시,지역주민,6616034799,219790
20250703,서울 강남구,외부방문객,34651133110,1241766
20250703,서울 강남구,정보없음,53607518,1147
20250703,서울 강남구,지역주민,36560973262,1029916
20250704,강원 춘천시,외부방문객,1730982456,38730
20250704,강원 춘천시,정보없음,4166415,194
20250704,강원 춘천시,지역주민,7252882952,227011
20250704,서울 강남구,외부방문객,35791057160,1220512
20250704,서울 강남구,정보없음,30811372,1123
20250704,서울 강남구,지역주민,37018755120,1038766
20250705,강원 춘천시,외부방문객,2348594880,63096
20250705,강원 춘천시,정보없음,9401562,194
20250705,강원 춘천시,지역주민,7767092664,244719
20250705,서울 강남구,외부방문객,34828353857,1276446
20250705,서울 강남구,정보없음,50410067,1112
20250705,서울 강남구,지역주민,35307692208,950037
20250706,강원 춘천시,외부방문객,1669744134,48722
20250706,강원 춘천시,정보없음,4207459,146
20250706,강원 춘천시,지역주민,5393836463,195492
20250706,서울 강남구,외부방문객,24613793224,1135949
20250706,서울 강남구,정보없음,22211453,1002
20250706,서울 강남구,지역주민,23014780410,770577
20250707,강원 춘천시,외부방문객,1274321113,35755
20250707,강원 춘천시,정보없음,4748251,149
20250707,강원 춘천시,지역주민,6608244469,217857
20250707,서울 강남구,외부방문객,42927148722,1268861
20250707,서울 강남구,정보없음,33861504,1236
20250707,서울 강남구,지역주민,36148508620,1013829
20250708,강원 춘천시,외부방문객,1185399891,36106
20250708,강원 춘천시,정보없음,4579244,149
20250708,강원 춘천시,지역주민,6454290515,212955
20250708,서울 강남구,외부방문객,35940482777,1185718
20250708,서울 강남구,정보없음,34192787,999
20250708,서울 강남구,지역주민,32726940780,972546
20250709,강원 춘천시,외부방문객,1250339708,34682
20250709,강원 춘천시,정보없음,9508217,172
20250709,강원 춘천시,지역주민,6296550592,212371
20250709,서울 강남구,외부방문객,37105143661,1242655
20250709,서울 강남구,정보없음,37541491,1094
20250709,서울 강남구,지역주민,35940048825,1020397
20250710,강원 춘천시,외부방문객,1201922469,35253
20250710,강원 춘천시,정보없음,3781653,143
20250710,강원 춘천시,지역주민,6384073039,217834
20250710,서울 강남구,외부방문객,53113526633,1508682
20250710,서울 강남구,정보없음,109859039,1234
20250710,서울 강남구,지역주민,37810122948,1072151
20250711,강원 춘천시,외부방문객,1391789578,40370
20250711,강원 춘천시,정보없음,5422504,187
20250711,강원 춘천시,지역주민,7224533994,237655
20250711,서울 강남구,외부방문객,36880516010,1296735
20250711,서울 강남구,정보없음,26276447,1089
20250711,서울 강남구,지역주민,37790228551,1076940
20250712,강원 춘천시,외부방문객,2160221849,63754
20250712,강원 춘천시,정보없음,9864710,235
20250712,강원 춘천시,지역주민,7545499487,248367
20250712,서울 강남구,외부방문객,36778217667,1323930
20250712,서울 강남구,정보없음,22242715,946
20250712,서울 강남구,지역주민,37225845003,963382
20250713,강원 춘천시,외부방문객,1614334690,47544
20250713,강원 춘천시,정보없음,4808411,85
20250713,강원 춘천시,지역주민,4818114240,179902
20250713,서울 강남구,외부방문객,25430728308,1134825
20250713,서울 강남구,정보없음,16114481,841
20250713,서울 강남구,지역주민,22543703835,750800
20250714,강원 춘천시,외부방문객,1147396945,33713
20250714,강원 춘천시,정보없음,4055493,132
20250714,강원 춘천시,지역주민,6306475602,204148
20250714,서울 강남구,외부방문객,40908266303,1278330
20250714,서울 강남구,정보없음,20628786,981
20250714,서울 강남구,지역주민,32711993857,968940
20250715,강원 춘천시,외부방문객,1144349307,34366
20250715,강원 춘천시,정보없음,10322791,143
20250715,강원 춘천시,지역주민,6784376298,208749
20250715,서울 강남구,외부방문객,56354678985,1439900
20250715,서울 강남구,정보없음,101682077,1290
20250715,서울 강남구,지역주민,39853018415,1020315
20250716,강원 춘천시,외부방문객,1081842313,30090
20250716,강원 춘천시,정보없음,4648253,161
20250716,강원 춘천시,지역주민,6451893115,192249
20250716,서울 강남구,외부방문객,34288022365,1103392
20250716,서울 강남구,정보없음,53325194,1087
20250716,서울 강남구,지역주민,34657183152,893282
20250717,강원 춘천시,외부방문객,783228764,27529
20250717,강원 춘천시,정보없음,5391825,153
20250717,강원 춘천시,지역주민,6117279796,194515
20250717,서울 강남구,외부방문객,33004168978,1132105
20250717,서울 강남구,정보없음,55495313,1100
20250717,서울 강남구,지역주민,32441641264,919710
20250718,강원 춘천시,외부방문객,1295876440,36060
20250718,강원 춘천시,정보없음,8102556,221
20250718,강원 춘천시,지역주민,7240705042,229261
20250718,서울 강남구,외부방문객,36067307984,1207822
20250718,서울 강남구,정보없음,72999595,1316
20250718,서울 강남구,지역주민,36705523860,1029772
20250719,강원 춘천시,외부방문객,1752290283,51209
20250719,강원 춘천시,정보없음,7179366,240
20250719,강원 춘천시,지역주민,7456432644,232929
20250719,서울 강남구,외부방문객,33271962462,1217553
20250719,서울 강남구,정보없음,26807771,991
20250719,서울 강남구,지역주민,33727859760,902911
20250720,강원 춘천시,외부방문객,1579595658,45822
20250720,강원 춘천시,정보없음,6008214,185
20250720,강원 춘천시,지역주민,5745440262,199157
20250720,서울 강남구,외부방문객,24971580898,1159885
20250720,서울 강남구,정보없음,25781552,1236
20250720,서울 강남구,지역주민,22417252574,783552
20250721,강원 춘천시,외부방문객,1117155450,35312
20250721,강원 춘천시,정보없음,5261410,115
20250721,강원 춘천시,지역주민,6686599830,220608
20250721,서울 강남구,외부방문객,48601501147,1412669
20250721,서울 강남구,정보없음,36532851,1249
20250721,서울 강남구,지역주민,37064704977,1039386
20250722,강원 춘천시,외부방문객,1128471762,36999
20250722,강원 춘천시,정보없음,13447177,124
20250722,강원 춘천시,지역주민,6778358144,218708
20250722,서울 강남구,외부방문객,38292485058,1191610
20250722,서울 강남구,정보없음,24664262,1159
20250722,서울 강남구,지역주민,37117893791,1020960
20250723,강원 춘천시,외부방문객,1259025522,37673
20250723,강원 춘천시,정보없음,14245825,144
20250723,강원 춘천시,지역주민,6704237560,223552
20250723,서울 강남구,외부방문객,36122164560,1216139
20250723,서울 강남구,정보없음,53127145,1388
20250723,서울 강남구,지역주민,37363229037,1019566
20250724,강원 춘천시,외부방문객,1129243538,38260
20250724,강원 춘천시,정보없음,8462016,136
20250724,강원 춘천시,지역주민,6900199156,228834
20250724,서울 강남구,외부방문객,48860412011,1439578
20250724,서울 강남구,정보없음,51147227,1512
20250724,서울 강남구,지역주민,40917298592,1086089
20250725,강원 춘천시,외부방문객,1547811940,44674
20250725,강원 춘천시,정보없음,8912926,171
20250725,강원 춘천시,지역주민,7927344434,249364
20250725,서울 강남구,외부방문객,66440453634,1707989
20250725,서울 강남구,정보없음,80754173,1662
20250725,서울 강남구,지역주민,47422201884,1163430
20250726,강원 춘천시,외부방문객,2300128542,68049
20250726,강원 춘천시,정보없음,9266204,262
20250726,강원 춘천시,지역주민,8202850970,256907
20250726,서울 강남구,외부방문객,34428629665,1284601
20250726,서울 강남구,정보없음,29263125,1088
20250726,서울 강남구,지역주민,35759244806,953123
20250727,강원 춘천시,외부방문객,1922906567,57192
20250727,강원 춘천시,정보없음,4114756,150
20250727,강원 춘천시,지역주민,5541174524,198187
20250727,서울 강남구,외부방문객,24414641407,1169575
20250727,서울 강남구,정보없음,16460813,997
20250727,서울 강남구,지역주민,22236051482,768674
20250728,강원 춘천시,외부방문객,1642485032,49932
20250728,강원 춘천시,정보없음,5351981,158
20250728,강원 춘천시,지역주민,7408652228,235324
20250728,서울 강남구,외부방문객,42906207136,1226179
20250728,서울 강남구,정보없음,70029722,1318
20250728,서울 강남구,지역주민,37789450910,1021479
20250729,강원 춘천시,외부방문객,1582289192,49201
20250729,강원 춘천시,정보없음,8169412,187
20250729,강원 춘천시,지역주민,7156623035,230602
20250729,서울 강남구,외부방문객,42404607139,1214015
20250729,서울 강남구,정보없음,38280304,1246
20250729,서울 강남구,지역주민,41583095103,1017634
20250730,강원 춘천시,외부방문객,1595291454,51076
20250730,강원 춘천시,정보없음,8162946,217
20250730,강원 춘천시,지역주민,7163225389,231299
20250730,서울 강남구,외부방문객,39367330124,1238435
20250730,서울 강남구,정보없음,22320369,942
20250730,서울 강남구,지역주민,38932628871,1027005
20250731,강원 춘천시,외부방문객,1850596982,54534
20250731,강원 춘천시,정보없음,12426490,127
20250731,강원 춘천시,지역주민,7339724429,230883
20250731,서울 강남구,외부방문객,48087582923,1325566
20250731,서울 강남구,정보없음,52747657,1316
20250731,서울 강남구,지역주민,39206285828,1059376
20250801,강원 춘천시,외부방문객,2040124128,59993
20250801,강원 춘천시,정보없음,1760334,56
20250801,강원 춘천시,지역주민,7939882347,237316
20250801,서울 강남구,외부방문객,41261337666,1333223
20250801,서울 강남구,정보없음,56323965,1270
20250801,서울 강남구,지역주민,41477622155,1078826
20250802,강원 춘천시,외부방문객,2461379079,73868
20250802,강원 춘천시,정보없음,6896667,200
20250802,강원 춘천시,지역주민,7888523462,242686
20250802,서울 강남구,외부방문객,32930419935,1238208
20250802,서울 강남구,정보없음,52941004,1056
20250802,서울 강남구,지역주민,34198065857,927880
20250803,강원 춘천시,외부방문객,1815957139,55889
20250803,강원 춘천시,정보없음,6052001,117
20250803,강원 춘천시,지역주민,5514411697,189854
20250803,서울 강남구,외부방문객,23018348668,1082210
20250803,서울 강남구,정보없음,18660771,1042
20250803,서울 강남구,지역주민,21945552979,742390
20250804,강원 춘천시,외부방문객,1430721961,43786
20250804,강원 춘천시,정보없음,5087147,149
20250804,강원 춘천시,지역주민,7042264271,225448
20250804,서울 강남구,외부방문객,40494536183,1212238
20250804,서울 강남구,정보없음,28065441,1190
20250804,서울 강남구,지역주민,37193871843,1007006
20250805,강원 춘천시,외부방문객,1350034787,44696
20250805,강원 춘천시,정보없음,21697432,180
20250805,강원 춘천시,지역주민,6920696503,221280
20250805,서울 강남구,외부방문객,37977688914,1236640
20250805,서울 강남구,정보없음,34300749,1233
20250805,서울 강남구,지역주민,36185492843,1023438
20250806,강원 춘천시,외부방문객,935287676,33129
20250806,강원 춘천시,정보없음,4560099,158
20250806,강원 춘천시,지역주민,5979588817,194720
20250806,서울 강남구,외부방문객,33843743733,1143588
20250806,서울 강남구,정보없음,46668705,1203
20250806,서울 강남구,지역주민,32081844197,955980
20250807,강원 춘천시,외부방문객,1456988792,41914
20250807,강원 춘천시,정보없음,11590664,166
20250807,강원 춘천시,지역주민,6981214780,222774
20250807,서울 강남구,외부방문객,34692302553,1234078
20250807,서울 강남구,정보없음,30877329,1130
20250807,서울 강남구,지역주민,33841604074,1029612
20250808,강원 춘천시,외부방문객,1446682988,46131
20250808,강원 춘천시,정보없음,10159602,221
20250808,강원 춘천시,지역주민,7473965996,239188
20250808,서울 강남구,외부방문객,36955790722,1241477
20250808,서울 강남구,정보없음,39792653,851
20250808,서울 강남구,지역주민,36906811388,1064406
20250809,강원 춘천시,외부방문객,2256282345,63936
20250809,강원 춘천시,정보없음,24828874,232
20250809,강원 춘천시,지역주민,7595628797,243178
20250809,서울 강남구,외부방문객,32457666269,1223756
20250809,서울 강남구,정보없음,24341757,949
20250809,서울 강남구,지역주민,33489581313,933353
20250810,강원 춘천시,외부방문객,1617597112,53630
20250810,강원 춘천시,정보없음,6437421,107
20250810,강원 춘천시,지역주민,5006213824,191763
20250810,서울 강남구,외부방문객,23907723448,1115753
20250810,서울 강남구,정보없음,23969767,1041
20250810,서울 강남구,지역주민,21119543465,758836
20250811,강원 춘천시,외부방문객,1348745195,41696
20250811,강원 춘천시,정보없음,8941512,185
20250811,강원 춘천시,지역주민,6693210135,222358
20250811,서울 강남구,외부방문객,50724843475,1367436
20250811,서울 강남구,정보없음,42851494,1112
20250811,서울 강남구,지역주민,36092656660,1035745
20250812,강원 춘천시,외부방문객,1360891119,42190
20250812,강원 춘천시,정보없음,6458705,172
20250812,강원 춘천시,지역주민,6706474493,220607
20250812,서울 강남구,외부방문객,33912451929,1166404
20250812,서울 강남구,정보없음,181321146,1226
20250812,서울 강남구,지역주민,33583988341,1009823
20250813,강원 춘천시,외부방문객,939192512,30968
20250813,강원 춘천시,정보없음,5054423,98
20250813,강원 춘천시,지역주민,5634989628,184878
20250813,서울 강남구,외부방문객,33553470798,1116769
20250813,서울 강남구,정보없음,27009262,942
20250813,서울 강남구,지역주민,30504412323,882757
20250814,강원 춘천시,외부방문객,1388360618,42349
20250814,강원 춘천시,정보없음,3379728,98
20250814,강원 춘천시,지역주민,6764683276,229654
20250814,서울 강남구,외부방문객,41482581610,1377566
20250814,서울 강남구,정보없음,25754818,1207
20250814,서울 강남구,지역주민,37281717801,1048320
20250815,강원 춘천시,외부방문객,2631862265,79368
20250815,강원 춘천시,정보없음,5045783,160
20250815,강원 춘천시,지역주민,6862928688,223450
20250815,서울 강남구,외부방문객,26823980932,1188935
20250815,서울 강남구,정보없음,23723156,1016
20250815,서울 강남구,지역주민,25214171213,818090
20250816,강원 춘천시,외부방문객,2873638169,86204
20250816,강원 춘천시,정보없음,3106598,109
20250816,강원 춘천시,지역주민,7009704341,229014
20250816,서울 강남구,외부방문객,30077056695,1219780
20250816,서울 강남구,정보없음,21804212,962
20250816,서울 강남구,지역주민,29002754065,879052
20250817,강원 춘천시,외부방문객,1606125310,53144
20250817,강원 춘천시,정보없음,4494360,138
20250817,강원 춘천시,지역주민,5310681923,195684
20250817,서울 강남구,외부방문객,22030850107,1096349
20250817,서울 강남구,정보없음,27819681,1014
20250817,서울 강남구,지역주민,20797134664,738586
20250818,강원 춘천시,외부방문객,1220114252,37257
20250818,강원 춘천시,정보없음,7014688,179
20250818,강원 춘천시,지역주민,6830184784,222427
20250818,서울 강남구,외부방문객,51481349852,1432085
20250818,서울 강남구,정보없음,63147913,1483
20250818,서울 강남구,지역주민,35224886973,1003933
20250819,강원 춘천시,외부방문객,1222680198,37342
20250819,강원 춘천시,정보없음,5487184,124
20250819,강원 춘천시,지역주민,6909291066,218212
20250819,서울 강남구,외부방문객,34941302425,1165892
20250819,서울 강남구,정보없음,24500204,1048
20250819,서울 강남구,지역주민,34137476397,991923
20250820,강원 춘천시,외부방문객,1199024164,35335
20250820,강원 춘천시,정보없음,7318472,186
20250820,강원 춘천시,지역주민,6684122080,217727
20250820,서울 강남구,외부방문객,49307413537,1431260
20250820,서울 강남구,정보없음,43734119,1397
20250820,서울 강남구,지역주민,37545910857,1040598
20250821,강원 춘천시,외부방문객,1094075700,35348
20250821,강원 춘천시,정보없음,3775871,146
20250821,강원 춘천시,지역주민,6826551789,216163
20250821,서울 강남구,외부방문객,37134785756,1241392
20250821,서울 강남구,정보없음,76763991,1171
20250821,서울 강남구,지역주민,34862967648,1014487
20250822,강원 춘천시,외부방문객,1346459440,40511
20250822,강원 춘천시,정보없음,5280187,201
20250822,강원 춘천시,지역주민,7490008698,242737
20250822,서울 강남구,외부방문객,37257666705,1242401
20250822,서울 강남구,정보없음,28401643,1083
20250822,서울 강남구,지역주민,41605205245,1054869
20250823,강원 춘천시,외부방문객,2177891993,62252
20250823,강원 춘천시,정보없음,8079258,265
20250823,강원 춘천시,지역주민,7646014615,249968
20250823,서울 강남구,외부방문객,33527264129,1286873
20250823,서울 강남구,정보없음,37634622,1227
20250823,서울 강남구,지역주민,36168717115,947189
20250824,강원 춘천시,외부방문객,1501063590,49282
20250824,강원 춘천시,정보없음,2793944,115
20250824,강원 춘천시,지역주민,5044937065,188653
20250824,서울 강남구,외부방문객,23990507238,1111306
20250824,서울 강남구,정보없음,16278014,1009
20250824,서울 강남구,지역주민,22813604414,746322
20250825,강원 춘천시,외부방문객,1232232718,37550
20250825,강원 춘천시,정보없음,7020324,164
20250825,강원 춘천시,지역주민,6730792658,220296
20250825,서울 강남구,외부방문객,75764991345,1829314
20250825,서울 강남구,정보없음,62161161,1628
20250825,서울 강남구,지역주민,44925702555,1117649
20250826,강원 춘천시,외부방문객,1655017333,34956
20250826,강원 춘천시,정보없음,4238815,180
20250826,강원 춘천시,지역주민,6507328811,211620
20250826,서울 강남구,외부방문객,39518574207,1165691
20250826,서울 강남구,정보없음,33867431,1442
20250826,서울 강남구,지역주민,40449240015,988228
20250827,강원 춘천시,외부방문객,1693592044,38128
20250827,강원 춘천시,정보없음,15058155,140
20250827,강원 춘천시,지역주민,7027327240,222734
20250827,서울 강남구,외부방문객,41703283911,1283268
20250827,서울 강남구,정보없음,50029374,1366
20250827,서울 강남구,지역주민,39377581423,1037777
20250828,강원 춘천시,외부방문객,1579759808,38235
20250828,강원 춘천시,정보없음,6973344,225
20250828,강원 춘천시,지역주민,6774561229,223106
20250828,서울 강남구,외부방문객,40933184509,1224401
20250828,서울 강남구,정보없음,42698897,1201
20250828,서울 강남구,지역주민,38564623954,1024625
20250829,강원 춘천시,외부방문객,1653652281,43457
20250829,강원 춘천시,정보없음,10961302,246
20250829,강원 춘천시,지역주민,7978440147,240175
20250829,서울 강남구,외부방문객,46329011914,1268549
20250829,서울 강남구,정보없음,22970909,1030
20250829,서울 강남구,지역주민,44117945460,1053644
20250830,강원 춘천시,외부방문객,2253020947,65536
20250830,강원 춘천시,정보없음,39010955,211
20250830,강원 춘천시,지역주민,8113900290,249527
20250830,서울 강남구,외부방문객,35129992222,1268947
20250830,서울 강남구,정보없음,34395069,1121
20250830,서울 강남구,지역주민,37088320011,940659
20250831,강원 춘천시,외부방문객,1690788728,52301
20250831,강원 춘천시,정보없음,4484630,158
20250831,강원 춘천시,지역주민,5499373165,199461
20250831,서울 강남구,외부방문객,25806044109,1167852
20250831,서울 강남구,정보없음,20157152,1119
20250831,서울 강남구,지역주민,23690429529,792309
20250901,강원 춘천시,외부방문객,961303446,42180
20250901,강원 춘천시,정보없음,3707730,123
20250901,강원 춘천시,지역주민,6700539996,212819
20250901,서울 강남구,외부방문객,38389934581,1240730
20250901,서울 강남구,정보없음,32084762,1234
20250901,서울 강남구,지역주민,37711779555,994476
20250902,강원 춘천시,외부방문객,1316662564,47926
20250902,강원 춘천시,정보없음,6784530,141
20250902,강원 춘천시,지역주민,6845481491,229491
20250902,서울 강남구,외부방문객,36669983244,1195393
20250902,서울 강남구,정보없음,23553082,1060
20250902,서울 강남구,지역주민,34547199504,1010501
20250903,강원 춘천시,외부방문객,1232822904,46378
20250903,강원 춘천시,정보없음,7666968,163
20250903,강원 춘천시,지역주민,6775283729,225859
20250903,서울 강남구,외부방문객,33708801997,1180954
20250903,서울 강남구,정보없음,34567272,1073
20250903,서울 강남구,지역주민,34434453577,996890
20250904,강원 춘천시,외부방문객,1150342137,42856
20250904,강원 춘천시,정보없음,4123303,116
20250904,강원 춘천시,지역주민,6508431123,221778
20250904,서울 강남구,외부방문객,31345380095,1153874
20250904,서울 강남구,정보없음,21721751,1138
20250904,서울 강남구,지역주민,31086746049,980693
20250905,강원 춘천시,외부방문객,1468793280,44545
20250905,강원 춘천시,정보없음,5895040,181
20250905,강원 춘천시,지역주민,7730959258,246663
20250905,서울 강남구,외부방문객,36832793025,1263137
20250905,서울 강남구,정보없음,44154983,1303
20250905,서울 강남구,지역주민,35564553373,1064200
20250906,강원 춘천시,외부방문객,1910047254,53348
20250906,강원 춘천시,정보없음,8667659,167
20250906,강원 춘천시,지역주민,7454806750,222956
20250906,서울 강남구,외부방문객,33222504784,1236699
20250906,서울 강남구,정보없음,73864244,1272
20250906,서울 강남구,지역주민,33628038200,901011
20250907,강원 춘천시,외부방문객,1615462701,51331
20250907,강원 춘천시,정보없음,7235842,162
20250907,강원 춘천시,지역주민,5555728175,205840
20250907,서울 강남구,외부방문객,24920091553,1147460
20250907,서울 강남구,정보없음,18042617,1018
20250907,서울 강남구,지역주민,22558226471,784183
20250908,강원 춘천시,외부방문객,1291545129,46783
20250908,강원 춘천시,정보없음,3024881,109
20250908,강원 춘천시,지역주민,6776761156,224487
20250908,서울 강남구,외부방문객,41111308405,1180232
20250908,서울 강남구,정보없음,26292469,1222
20250908,서울 강남구,지역주민,33551352748,976123
20250909,강원 춘천시,외부방문객,1310944728,46787
20250909,강원 춘천시,정보없음,4175984,118
20250909,강원 춘천시,지역주민,6258548074,222510
20250909,서울 강남구,외부방문객,35303454940,1149417
20250909,서울 강남구,정보없음,51047441,1086
20250909,서울 강남구,지역주민,31786703198,986407
20250910,강원 춘천시,외부방문객,1127013567,45935
20250910,강원 춘천시,정보없음,7638926,139
20250910,강원 춘천시,지역주민,6421337687,225891
20250910,서울 강남구,외부방문객,49526928613,1418427
20250910,서울 강남구,정보없음,58591434,1143
20250910,서울 강남구,지역주민,34247459631,1030797
20250911,강원 춘천시,외부방문객,1360705644,47861
20250911,강원 춘천시,정보없음,8306646,169
20250911,강원 춘천시,지역주민,6241339269,227521
20250911,서울 강남구,외부방문객,33707065461,1223739
20250911,서울 강남구,정보없음,18869330,1214
20250911,서울 강남구,지역주민,32417618022,1013965
20250912,강원 춘천시,외부방문객,1521045990,45056
20250912,강원 춘천시,정보없음,10393432,101
20250912,강원 춘천시,지역주민,7201032702,232288
20250912,서울 강남구,외부방문객,35191379598,1200177
20250912,서울 강남구,정보없음,76883031,1041
20250912,서울 강남구,지역주민,34040732179,1015244
20250913,강원 춘천시,외부방문객,1926135620,58218
20250913,강원 춘천시,정보없음,4935627,168
20250913,강원 춘천시,지역주민,7913771730,246178
20250913,서울 강남구,외부방문객,34733141265,1287272
20250913,서울 강남구,정보없음,30617313,941
20250913,서울 강남구,지역주민,33754375792,948591
20250914,강원 춘천시,외부방문객,1804051314,54943
20250914,강원 춘천시,정보없음,8431043,184
20250914,강원 춘천시,지역주민,5258066679,198395
20250914,서울 강남구,외부방문객,25256582294,1162712
20250914,서울 강남구,정보없음,34871676,948
20250914,서울 강남구,지역주민,22318912828,769710
20250915,강원 춘천시,외부방문객,1327675730,47001
20250915,강원 춘천시,정보없음,3720799,134
20250915,강원 춘천시,지역주민,7162744871,229521
20250915,서울 강남구,외부방문객,59466823405,1639743
20250915,서울 강남구,정보없음,76927190,1627
20250915,서울 강남구,지역주민,35105811496,1082459
20250916,강원 춘천시,외부방문객,1198766139,43582
20250916,강원 춘천시,정보없음,3139836,118
20250916,강원 춘천시,지역주민,6487592649,212652
20250916,서울 강남구,외부방문객,33893778660,1156976
20250916,서울 강남구,정보없음,53436678,1236
20250916,서울 강남구,지역주민,30297133780,937663
20250917,강원 춘천시,외부방문객,938551960,38481
20250917,강원 춘천시,정보없음,4687962,126
20250917,강원 춘천시,지역주민,6187191155,199448
20250917,서울 강남구,외부방문객,35603972012,1192801
20250917,서울 강남구,정보없음,32942482,1089
20250917,서울 강남구,지역주민,30066925201,928084
20250918,강원 춘천시,외부방문객,1353305731,46183
20250918,강원 춘천시,정보없음,4974097,187
20250918,강원 춘천시,지역주민,6552293706,228266
20250918,서울 강남구,외부방문객,37638327593,1254085
20250918,서울 강남구,정보없음,57462119,1258
20250918,서울 강남구,지역주민,32597023794,1022382
20250919,강원 춘천시,외부방문객,1423435239,41791
20250919,강원 춘천시,정보없음,9277501,159
20250919,강원 춘천시,지역주민,7159919942,227849
20250919,서울 강남구,외부방문객,38507415205,1240073
20250919,서울 강남구,정보없음,80272108,1049
20250919,서울 강남구,지역주민,37461513297,987032
20250920,강원 춘천시,외부방문객,2245209774,60900
20250920,강원 춘천시,정보없음,8491630,170
20250920,강원 춘천시,지역주민,8069280115,243141
20250920,서울 강남구,외부방문객,36828183437,1322524
20250920,서울 강남구,정보없음,86190545,1012
20250920,서울 강남구,지역주민,35790013862,946560
20250921,강원 춘천시,외부방문객,1817287074,54753
20250921,강원 춘천시,정보없음,44032254,161
20250921,강원 춘천시,지역주민,5929844490,209761
20250921,서울 강남구,외부방문객,27131473466,1205388
20250921,서울 강남구,정보없음,15947825,904
20250921,서울 강남구,지역주민,23217025698,801157
20250922,강원 춘천시,외부방문객,1462691097,47376
20250922,강원 춘천시,정보없음,4141460,146
20250922,강원 춘천시,지역주민,7000608221,230991
20250922,서울 강남구,외부방문객,54696751269,1480796
20250922,서울 강남구,정보없음,39686626,1318
20250922,서울 강남구,지역주민,37737936244,1050623
20250923,강원 춘천시,외부방문객,1380624431,49087
20250923,강원 춘천시,정보없음,10488041,140
20250923,강원 춘천시,지역주민,6813676604,232385
20250923,서울 강남구,외부방문객,41048938569,1234955
20250923,서울 강남구,정보없음,37521678,1156
20250923,서울 강남구,지역주민,36896351556,1026136
20250924,강원 춘천시,외부방문객,1130480930,43344
20250924,강원 춘천시,정보없음,8980393,133
20250924,강원 춘천시,지역주민,6328056802,214186
20250924,서울 강남구,외부방문객,50515551891,1407931
20250924,서울 강남구,정보없음,40801269,1169
20250924,서울 강남구,지역주민,37865508800,987337
20250925,강원 춘천시,외부방문객,1487111279,48207
20250925,강원 춘천시,정보없음,9883384,225
20250925,강원 춘천시,지역주민,7449206483,241475
20250925,서울 강남구,외부방문객,69815681907,1755066
20250925,서울 강남구,정보없음,76108397,1922
20250925,서울 강남구,지역주민,46380272599,1134567
20250926,강원 춘천시,외부방문객,1607401513,47258
20250926,강원 춘천시,정보없음,4851781,180
20250926,강원 춘천시,지역주민,8338006793,261627
20250926,서울 강남구,외부방문객,47635637397,1299974
20250926,서울 강남구,정보없음,42701614,1272
20250926,서울 강남구,지역주민,43338974075,1089674
20250927,강원 춘천시,외부방문객,2394871596,69034
20250927,강원 춘천시,정보없음,9345123,251
20250927,강원 춘천시,지역주민,8618453034,274528
20250927,서울 강남구,외부방문객,38656492563,1367833
20250927,서울 강남구,정보없음,27593216,1146
20250927,서울 강남구,지역주민,37358361147,986119
20250928,강원 춘천시,외부방문객,1143859979,40880
20250928,강원 춘천시,정보없음,5262871,136
20250928,강원 춘천시,지역주민,5527637511,192098
20250928,서울 강남구,외부방문객,27542094281,1157697
20250928,서울 강남구,정보없음,18681012,1057
20250928,서울 강남구,지역주민,24929263297,740646
20250929,강원 춘천시,외부방문객,1371500913,46690
20250929,강원 춘천시,정보없음,5313659,142
20250929,강원 춘천시,지역주민,8151835843,253224
20250929,서울 강남구,외부방문객,47562688711,1255694
20250929,서울 강남구,정보없음,47092035,1296
20250929,서울 강남구,지역주민,42750625118,1057648
20250930,강원 춘천시,외부방문객,1319862055,46596
20250930,강원 춘천시,정보없음,12608649,198
20250930,강원 춘천시,지역주민,8298283729,245936
20250930,서울 강남구,외부방문객,56455575100,1385760
20250930,서울 강남구,정보없음,41717938,1285
20250930,서울 강남구,지역주민,44413070716,1092639
20251001,강원 춘천시,외부방문객,1359382927,47904
20251001,강원 춘천시,정보없음,30666393,162
20251001,강원 춘천시,지역주민,8517750725,250224
20251001,서울 강남구,외부방문객,50402438717,1326726
20251001,서울 강남구,정보없음,61263281,1419
20251001,서울 강남구,지역주민,46629764078,1085567
20251002,강원 춘천시,외부방문객,1437036673,48173
20251002,강원 춘천시,정보없음,5605232,165
20251002,강원 춘천시,지역주민,9542119082,275526
20251002,서울 강남구,외부방문객,47426592850,1288856
20251002,서울 강남구,정보없음,40941026,1356
20251002,서울 강남구,지역주민,48408574487,1112395
20251003,강원 춘천시,외부방문객,2496716924,69938
20251003,강원 춘천시,정보없음,5975925,202
20251003,강원 춘천시,지역주민,8755392248,245316
20251003,서울 강남구,외부방문객,37064349852,1213771
20251003,서울 강남구,정보없음,30609861,1191
20251003,서울 강남구,지역주민,35278918938,866880
20251004,강원 춘천시,외부방문객,3046972613,89131
20251004,강원 춘천시,정보없음,10662128,230
20251004,강원 춘천시,지역주민,8833728693,249254
20251004,서울 강남구,외부방문객,35465884898,1244681
20251004,서울 강남구,정보없음,32150026,1162
20251004,서울 강남구,지역주민,33095811288,877226
20251005,강원 춘천시,외부방문객,2712145185,81816
20251005,강원 춘천시,정보없음,7212730,173
20251005,강원 춘천시,지역주민,6121098312,193731
20251005,서울 강남구,외부방문객,23648847264,1055101
20251005,서울 강남구,정보없음,16179301,987
20251005,서울 강남구,지역주민,19595714497,668856
20251006,강원 춘천시,외부방문객,2185202279,67083
20251006,강원 춘천시,정보없음,3291321,90
20251006,강원 춘천시,지역주민,3464270908,121331
20251006,서울 강남구,외부방문객,15058719062,643191
20251006,서울 강남구,정보없음,12695808,741
20251006,서울 강남구,지역주민,9564283441,376767
20251007,강원 춘천시,외부방문객,2829674881,78886
20251007,강원 춘천시,정보없음,2481470,82
20251007,강원 춘천시,지역주민,4687986933,161536
20251007,서울 강남구,외부방문객,21695110226,1056133
20251007,서울 강남구,정보없음,22518017,962
20251007,서울 강남구,지역주민,15039968769,607902
20251008,강원 춘천시,외부방문객,3172475355,91776
20251008,강원 춘천시,정보없음,15493369,183
20251008,강원 춘천시,지역주민,5466469080,197259
20251008,서울 강남구,외부방문객,25500284982,1167388
20251008,서울 강남구,정보없음,26140857,984
20251008,서울 강남구,지역주민,20327477719,736808
20251009,강원 춘천시,외부방문객,2250800647,66818
20251009,강원 춘천시,정보없음,1859586,89
20251009,강원 춘천시,지역주민,5569392499,197618
20251009,서울 강남구,외부방문객,24828038526,1154060
20251009,서울 강남구,정보없음,20272350,918
20251009,서울 강남구,지역주민,21569972238,756416
20251010,강원 춘천시,외부방문객,1604167209,46285
20251010,강원 춘천시,정보없음,28986782,107
20251010,강원 춘천시,지역주민,7085442421,214425
20251010,서울 강남구,외부방문객,43319890705,1264478
20251010,서울 강남구,정보없음,51669515,1152
20251010,서울 강남구,지역주민,34837327702,899410
20251011,강원 춘천시,외부방문객,1663528826,47507
20251011,강원 춘천시,정보없음,6512056,151
20251011,강원 춘천시,지역주민,6988635205,216512
20251011,서울 강남구,외부방문객,32595460775,1238970
20251011,서울 강남구,정보없음,25313152,1037
20251011,서울 강남구,지역주민,31948647152,882080
20251012,강원 춘천시,외부방문객,1277500816,39382
20251012,강원 춘천시,정보없음,5134952,159
20251012,강원 춘천시,지역주민,4837737520,182772
20251012,서울 강남구,외부방문객,24480159960,1121580
20251012,서울 강남구,정보없음,23191660,1031
20251012,서울 강남구,지역주민,20819724048,740129
20251013,강원 춘천시,외부방문객,862574547,36158
20251013,강원 춘천시,정보없음,11312512,115
20251013,강원 춘천시,지역주민,6731225971,202053
20251013,서울 강남구,외부방문객,46182357936,1315386
20251013,서울 강남구,정보없음,61588590,1322
20251013,서울 강남구,지역주민,33248258716,923733
20251014,강원 춘천시,외부방문객,1260637221,43506
20251014,강원 춘천시,정보없음,13312596,158
20251014,강원 춘천시,지역주민,6934450581,226609
20251014,서울 강남구,외부방문객,42309123866,1395307
20251014,서울 강남구,정보없음,43417077,1254
20251014,서울 강남구,지역주민,34814328963,1046742
20251015,강원 춘천시,외부방문객,1408993792,44405
20251015,강원 춘천시,정보없음,3700741,116
20251015,강원 춘천시,지역주민,6588092379,221625
20251015,서울 강남구,외부방문객,56339442857,1516317
20251015,서울 강남구,정보없음,84251755,1567
20251015,서울 강남구,지역주민,36513172948,1033046
20251016,강원 춘천시,외부방문객,1288402396,45277
20251016,강원 춘천시,정보없음,4020794,147
20251016,강원 춘천시,지역주민,6485521927,228390
20251016,서울 강남구,외부방문객,35787950204,1240722
20251016,서울 강남구,정보없음,56171536,1538
20251016,서울 강남구,지역주민,34278966162,1013448
20251017,강원 춘천시,외부방문객,1516739598,44605
20251017,강원 춘천시,정보없음,3172094,84
20251017,강원 춘천시,지역주민,7277898142,241253
20251017,서울 강남구,외부방문객,36413825263,1214920
20251017,서울 강남구,정보없음,27696231,1160
20251017,서울 강남구,지역주민,36341866249,1014696
20251018,강원 춘천시,외부방문객,2302803232,70479
20251018,강원 춘천시,정보없음,20282951,175
20251018,강원 춘천시,지역주민,7678121842,249599
20251018,서울 강남구,외부방문객,36842594004,1286808
20251018,서울 강남구,정보없음,39633111,1196
20251018,서울 강남구,지역주민,35810087655,935901
20251019,강원 춘천시,외부방문객,1811265709,60636
20251019,강원 춘천시,정보없음,7110801,187
20251019,강원 춘천시,지역주민,5924830220,209610
20251019,서울 강남구,외부방문객,25624062617,1165146
20251019,서울 강남구,정보없음,17727085,997
20251019,서울 강남구,지역주민,23407636095,773980
20251020,강원 춘천시,외부방문객,1416548423,46541
20251020,강원 춘천시,정보없음,7982226,161
20251020,강원 춘천시,지역주민,7558328289,228490
20251020,서울 강남구,외부방문객,48314499558,1414139
20251020,서울 강남구,정보없음,43819728,1189
20251020,서울 강남구,지역주민,36336058229,1012235
20251021,강원 춘천시,외부방문객,1362577874,47860
20251021,강원 춘천시,정보없음,4274052,165
20251021,강원 춘천시,지역주민,6947336082,223299
20251021,서울 강남구,외부방문객,38051572074,1194222
20251021,서울 강남구,정보없음,76282765,1129
20251021,서울 강남구,지역주민,37416176709,984831
20251022,강원 춘천시,외부방문객,1449958035,47683
20251022,강원 춘천시,정보없음,4197472,177
20251022,강원 춘천시,지역주민,6873415259,222561
20251022,서울 강남구,외부방문객,37857659343,1243896
20251022,서울 강남구,정보없음,56300822,1105
20251022,서울 강남구,지역주민,35243324574,988839
20251023,강원 춘천시,외부방문객,1429560000,47109
20251023,강원 춘천시,정보없음,5160634,134
20251023,강원 춘천시,지역주민,6684712293,221878
20251023,서울 강남구,외부방문객,37164798366,1223131
20251023,서울 강남구,정보없음,39856602,1025
20251023,서울 강남구,지역주민,35993202658,998922
20251024,강원 춘천시,외부방문객,1698694546,49040
20251024,강원 춘천시,정보없음,3792520,134
20251024,강원 춘천시,지역주민,7876380129,247525
20251024,서울 강남구,외부방문객,54307588076,1454204
20251024,서울 강남구,정보없음,41612627,1140
20251024,서울 강남구,지역주민,42691529887,1100278
20251025,강원 춘천시,외부방문객,2745570848,84138
20251025,강원 춘천시,정보없음,16580653,237
20251025,강원 춘천시,지역주민,7958317804,257035
20251025,서울 강남구,외부방문객,35006763888,1299025
20251025,서울 강남구,정보없음,25288962,1178
20251025,서울 강남구,지역주민,38173845252,950770
20251026,강원 춘천시,외부방문객,2137846674,73190
20251026,강원 춘천시,정보없음,8085421,114
20251026,강원 춘천시,지역주민,5493034280,189525
20251026,서울 강남구,외부방문객,25791943416,1158138
20251026,서울 강남구,정보없음,14974139,923
20251026,서울 강남구,지역주민,24128804127,744437
20251027,강원 춘천시,외부방문객,1387985990,48624
20251027,강원 춘천시,정보없음,36444428,137
20251027,강원 춘천시,지역주민,7554278567,228157
20251027,서울 강남구,외부방문객,69949693072,1739148
20251027,서울 강남구,정보없음,56714423,1701
20251027,서울 강남구,지역주민,43447348058,1077699
20251028,강원 춘천시,외부방문객,1364056497,47609
20251028,강원 춘천시,정보없음,6374166,112
20251028,강원 춘천시,지역주민,7258348065,224161
20251028,서울 강남구,외부방문객,42849050381,1205415
20251028,서울 강남구,정보없음,36836536,1042
20251028,서울 강남구,지역주민,40261537036,981982
20251029,강원 춘천시,외부방문객,1452175204,48820
20251029,강원 춘천시,정보없음,3355674,130
20251029,강원 춘천시,지역주민,6985024626,222748
20251029,서울 강남구,외부방문객,40772724141,1241458
20251029,서울 강남구,정보없음,32182286,1008
20251029,서울 강남구,지역주민,40831435730,992048
20251030,강원 춘천시,외부방문객,1420890647,46422
20251030,강원 춘천시,정보없음,14355493,130
20251030,강원 춘천시,지역주민,7191308476,231861
20251030,서울 강남구,외부방문객,42530840198,1242114
20251030,서울 강남구,정보없음,51403524,1030
20251030,서울 강남구,지역주민,39224038943,1002864
20251031,강원 춘천시,외부방문객,1661227223,48278
20251031,강원 춘천시,정보없음,11503355,154
20251031,강원 춘천시,지역주민,8425576718,249791
20251031,서울 강남구,외부방문객,48209683262,1326741
20251031,서울 강남구,정보없음,39305481,1191
20251031,서울 강남구,지역주민,45688708239,1065425
20251101,강원 춘천시,외부방문객,2521536091,71332
20251101,강원 춘천시,정보없음,19693034,122
20251101,강원 춘천시,지역주민,9266738835,249578
20251101,서울 강남구,외부방문객,53350113096,1464359
20251101,서울 강남구,정보없음,31752858,1117
20251101,서울 강남구,지역주민,44785583123,995308
20251102,강원 춘천시,외부방문객,1936213715,58482
20251102,강원 춘천시,정보없음,3693387,112
20251102,강원 춘천시,지역주민,6595511582,198806
20251102,서울 강남구,외부방문객,37041017429,1260768
20251102,서울 강남구,정보없음,21389950,712
20251102,서울 강남구,지역주민,27155872507,786292
20251103,강원 춘천시,외부방문객,1574494029,46298
20251103,강원 춘천시,정보없음,2425938,90
20251103,강원 춘천시,지역주민,7196066262,222043
20251103,서울 강남구,외부방문객,41385785059,1238431
20251103,서울 강남구,정보없음,59872518,1119
20251103,서울 강남구,지역주민,37670865840,984734
20251104,강원 춘천시,외부방문객,1254238555,45392
20251104,강원 춘천시,정보없음,4786421,105
20251104,강원 춘천시,지역주민,6722454807,218342
20251104,서울 강남구,외부방문객,36430139735,1199709
20251104,서울 강남구,정보없음,76536853,1048
20251104,서울 강남구,지역주민,34001454608,966775
20251105,강원 춘천시,외부방문객,1394766276,45370
20251105,강원 춘천시,정보없음,3344005,113
20251105,강원 춘천시,지역주민,6716908341,216426
20251105,서울 강남구,외부방문객,40686374590,1283298
20251105,서울 강남구,정보없음,36828714,949
20251105,서울 강남구,지역주민,34462343193,987303
20251106,강원 춘천시,외부방문객,1359833866,45274
20251106,강원 춘천시,정보없음,3463221,94
20251106,강원 춘천시,지역주민,6394718353,219255
20251106,서울 강남구,외부방문객,36919993423,1278800
20251106,서울 강남구,정보없음,44854833,943
20251106,서울 강남구,지역주민,34540494853,994745
20251107,강원 춘천시,외부방문객,1597272913,47066
20251107,강원 춘천시,정보없음,4018323,160
20251107,강원 춘천시,지역주민,7551814376,241742
20251107,서울 강남구,외부방문객,38095376730,1279206
20251107,서울 강남구,정보없음,28794397,1065
20251107,서울 강남구,지역주민,36854331417,1034863
20251108,강원 춘천시,외부방문객,2496167113,70514
20251108,강원 춘천시,정보없음,3169747,156
20251108,강원 춘천시,지역주민,7877342009,239021
20251108,서울 강남구,외부방문객,35647055048,1333803
20251108,서울 강남구,정보없음,52403223,941
20251108,서울 강남구,지역주민,35455693323,940948
20251109,강원 춘천시,외부방문객,1817771859,57437
20251109,강원 춘천시,정보없음,4826472,148
20251109,강원 춘천시,지역주민,5070772849,186686
20251109,서울 강남구,외부방문객,27420660939,1223296
20251109,서울 강남구,정보없음,56758072,870
20251109,서울 강남구,지역주민,23048031914,752869
20251110,강원 춘천시,외부방문객,1260949806,47221
20251110,강원 춘천시,정보없음,13041778,183
20251110,강원 춘천시,지역주민,6740730982,226896
20251110,서울 강남구,외부방문객,54387563834,1529235
20251110,서울 강남구,정보없음,59092178,1201
20251110,서울 강남구,지역주민,35588456148,1045065
20251111,강원 춘천시,외부방문객,1451554842,46654
20251111,강원 춘천시,정보없음,5294864,126
20251111,강원 춘천시,지역주민,6591367110,228166
20251111,서울 강남구,외부방문객,41055419120,1315253
20251111,서울 강남구,정보없음,21900261,1018
20251111,서울 강남구,지역주민,33497713120,1023554
20251112,강원 춘천시,외부방문객,1245860151,44167
20251112,강원 춘천시,정보없음,5612567,160
20251112,강원 춘천시,지역주민,6455674326,220624
20251112,서울 강남구,외부방문객,33596492419,1212988
20251112,서울 강남구,정보없음,50095566,1198
20251112,서울 강남구,지역주민,32911885486,981251
20251113,강원 춘천시,외부방문객,1475665266,46164
20251113,강원 춘천시,정보없음,3345393,139
20251113,강원 춘천시,지역주민,6549238639,222000
20251113,서울 강남구,외부방문객,34205513128,1203825
20251113,서울 강남구,정보없음,50069768,989
20251113,서울 강남구,지역주민,32961046821,960869
20251114,강원 춘천시,외부방문객,1570511362,46621
20251114,강원 춘천시,정보없음,10552075,124
20251114,강원 춘천시,지역주민,7706132802,237040
20251114,서울 강남구,외부방문객,41792407038,1388399
20251114,서울 강남구,정보없음,65344145,1269
20251114,서울 강남구,지역주민,37508144439,1042100
20251115,강원 춘천시,외부방문객,2376780091,68732
20251115,강원 춘천시,정보없음,3475018,148
20251115,강원 춘천시,지역주민,7894722603,237694
20251115,서울 강남구,외부방문객,35235372391,1308139
20251115,서울 강남구,정보없음,37630550,757
20251115,서울 강남구,지역주민,34182884697,902879
20251116,강원 춘천시,외부방문객,1782602995,54615
20251116,강원 춘천시,정보없음,3192084,128
20251116,강원 춘천시,지역주민,5763603790,194598
20251116,서울 강남구,외부방문객,25061996619,1162797
20251116,서울 강남구,정보없음,11775961,921
20251116,서울 강남구,지역주민,23333618636,731710
20251117,강원 춘천시,외부방문객,1218709276,42482
20251117,강원 춘천시,정보없음,4207707,111
20251117,강원 춘천시,지역주민,7086420928,218312
20251117,서울 강남구,외부방문객,53732804571,1458241
20251117,서울 강남구,정보없음,106593037,1594
20251117,서울 강남구,지역주민,36895848643,978379
20251118,강원 춘천시,외부방문객,1222301170,43338
20251118,강원 춘천시,정보없음,16797457,227
20251118,강원 춘천시,지역주민,6945781558,214698
20251118,서울 강남구,외부방문객,35192668723,1177197
20251118,서울 강남구,정보없음,47964585,1185
20251118,서울 강남구,지역주민,34068764230,938447
20251119,강원 춘천시,외부방문객,1210773329,41918
20251119,강원 춘천시,정보없음,5785080,125
20251119,강원 춘천시,지역주민,7042827661,213580
20251119,서울 강남구,외부방문객,34352337805,1219538
20251119,서울 강남구,정보없음,28133884,1120
20251119,서울 강남구,지역주민,32780300176,956980
20251120,강원 춘천시,외부방문객,1206138941,40957
20251120,강원 춘천시,정보없음,20131605,175
20251120,강원 춘천시,지역주민,7023396877,217248
20251120,서울 강남구,외부방문객,51168353428,1454410
20251120,서울 강남구,정보없음,39664610,1351
20251120,서울 강남구,지역주민,38257673905,1004422
20251121,강원 춘천시,외부방문객,1390600725,42583
20251121,강원 춘천시,정보없음,3985009,108
20251121,강원 춘천시,지역주민,7729083995,235215
20251121,서울 강남구,외부방문객,40268604164,1265683
20251121,서울 강남구,정보없음,39292824,1150
20251121,서울 강남구,지역주민,38200782868,1019717
20251122,강원 춘천시,외부방문객,2169759942,62932
20251122,강원 춘천시,정보없음,8878378,173
20251122,강원 춘천시,지역주민,8288172408,240181
20251122,서울 강남구,외부방문객,35150913082,1295028
20251122,서울 강남구,정보없음,36709928,924
20251122,서울 강남구,지역주민,35332171578,911048
20251123,강원 춘천시,외부방문객,1582854408,48589
20251123,강원 춘천시,정보없음,3486754,100
20251123,강원 춘천시,지역주민,5348946397,182605
20251123,서울 강남구,외부방문객,25244599734,1146640
20251123,서울 강남구,정보없음,64418694,761
20251123,서울 강남구,지역주민,22605232637,718502
20251124,강원 춘천시,외부방문객,1189065862,42958
20251124,강원 춘천시,정보없음,7028899,172
20251124,강원 춘천시,지역주민,7044552505,223730
20251124,서울 강남구,외부방문객,49651388380,1396534
20251124,서울 강남구,정보없음,38768561,1143
20251124,서울 강남구,지역주민,37543842114,1017244
20251125,강원 춘천시,외부방문객,1021986861,39622
20251125,강원 춘천시,정보없음,2330433,60
20251125,강원 춘천시,지역주민,6805691507,209294
20251125,서울 강남구,외부방문객,66843947002,1643889
20251125,서울 강남구,정보없음,93638683,1723
20251125,서울 강남구,지역주민,42684855785,1016068
20251126,강원 춘천시,외부방문객,1128271471,42295
20251126,강원 춘천시,정보없음,49224075,189
20251126,강원 춘천시,지역주민,6921337283,221669
20251126,서울 강남구,외부방문객,41222266118,1219537
20251126,서울 강남구,정보없음,508610573,920
20251126,서울 강남구,지역주민,38591483831,973156
20251127,강원 춘천시,외부방문객,1072593439,36352
20251127,강원 춘천시,정보없음,6098583,109
20251127,강원 춘천시,지역주민,6470586684,208682
20251127,서울 강남구,외부방문객,42312163808,1236634
20251127,서울 강남구,정보없음,39988065,965
20251127,서울 강남구,지역주민,37431076835,949837
20251128,강원 춘천시,외부방문객,1322360131,41621
20251128,강원 춘천시,정보없음,6328633,141
20251128,강원 춘천시,지역주민,8721126831,240615
20251128,서울 강남구,외부방문객,52982564502,1360979
20251128,서울 강남구,정보없음,134233324,1055
20251128,서울 강남구,지역주민,46226660522,1049016
20251129,강원 춘천시,외부방문객,2234472264,57532
20251129,강원 춘천시,정보없음,9169036,155
20251129,강원 춘천시,지역주민,8252336260,238926
20251129,서울 강남구,외부방문객,38708891326,1323904
20251129,서울 강남구,정보없음,15949242,976
20251129,서울 강남구,지역주민,38560020300,920430
20251130,강원 춘천시,외부방문객,1449057677,46171
20251130,강원 춘천시,정보없음,7378973,185
20251130,강원 춘천시,지역주민,6106048906,200148
20251130,서울 강남구,외부방문객,29166776887,1230607
20251130,서울 강남구,정보없음,19948899,825
20251130,서울 강남구,지역주민,28191098050,790115
20251201,강원 춘천시,외부방문객,984976269,39562
20251201,강원 춘천시,정보없음,8049688,139
20251201,강원 춘천시,지역주민,7648302932,220221
20251201,서울 강남구,외부방문객,47263348921,1298506
20251201,서울 강남구,정보없음,54964336,1083
20251201,서울 강남구,지역주민,43225396621,996642
20251202,강원 춘천시,외부방문객,1027235699,39546
20251202,강원 춘천시,정보없음,3603593,90
20251202,강원 춘천시,지역주민,6652487743,209784
20251202,서울 강남구,외부방문객,40378140018,1224114
20251202,서울 강남구,정보없음,46828744,1212
20251202,서울 강남구,지역주민,39023097560,955142
20251203,강원 춘천시,외부방문객,929244884,37163
20251203,강원 춘천시,정보없음,5132433,155
20251203,강원 춘천시,지역주민,6533332065,202876
20251203,서울 강남구,외부방문객,39567688124,1193052
20251203,서울 강남구,정보없음,33149666,1043
20251203,서울 강남구,지역주민,34989358189,916829
20251204,강원 춘천시,외부방문객,839288707,35296
20251204,강원 춘천시,정보없음,7922056,77
20251204,강원 춘천시,지역주민,6841593809,208897
20251204,서울 강남구,외부방문객,36590667945,1184053
20251204,서울 강남구,정보없음,37034527,964
20251204,서울 강남구,지역주민,33050679442,917389
20251205,강원 춘천시,외부방문객,989504309,35508
20251205,강원 춘천시,정보없음,3759028,128
20251205,강원 춘천시,지역주민,7789410388,227276
20251205,서울 강남구,외부방문객,40152472355,1268991
20251205,서울 강남구,정보없음,87556031,1003
20251205,서울 강남구,지역주민,35878409504,978505
20251206,강원 춘천시,외부방문객,1750592824,49101
20251206,강원 춘천시,정보없음,3955285,104
20251206,강원 춘천시,지역주민,8040951949,231854
20251206,서울 강남구,외부방문객,36745749304,1278960
20251206,서울 강남구,정보없음,24330270,902
20251206,서울 강남구,지역주민,36166206698,897277
20251207,강원 춘천시,외부방문객,1249713385,43035
20251207,강원 춘천시,정보없음,8682161,170
20251207,강원 춘천시,지역주민,6006598492,192826
20251207,서울 강남구,외부방문객,26098066748,1172218
20251207,서울 강남구,정보없음,20397026,905
20251207,서울 강남구,지역주민,23388854646,747095
20251208,강원 춘천시,외부방문객,991270175,37948
20251208,강원 춘천시,정보없음,13785837,142
20251208,강원 춘천시,지역주민,6598047809,214163
20251208,서울 강남구,외부방문객,35585845121,1196315
20251208,서울 강남구,정보없음,120032302,964
20251208,서울 강남구,지역주민,32206652870,943342
20251209,강원 춘천시,외부방문객,914785838,39631
20251209,강원 춘천시,정보없음,1117806,51
20251209,강원 춘천시,지역주민,6504881123,208035
20251209,서울 강남구,외부방문객,35525363698,1188396
20251209,서울 강남구,정보없음,32165231,1027
20251209,서울 강남구,지역주민,33258457347,940228
20251210,강원 춘천시,외부방문객,1017392974,40116
20251210,강원 춘천시,정보없음,11812571,119
20251210,강원 춘천시,지역주민,6433472682,208169
20251210,서울 강남구,외부방문객,55398201996,1440075
20251210,서울 강남구,정보없음,56841527,1302
20251210,서울 강남구,지역주민,38552109404,998704
20251211,강원 춘천시,외부방문객,919501371,38961
20251211,강원 춘천시,정보없음,7682819,86
20251211,강원 춘천시,지역주민,6489615051,210419
20251211,서울 강남구,외부방문객,36375224928,1203000
20251211,서울 강남구,정보없음,34695026,1098
20251211,서울 강남구,지역주민,34510587014,952129
20251212,강원 춘천시,외부방문객,1062458593,39862
20251212,강원 춘천시,정보없음,13260387,163
20251212,강원 춘천시,지역주민,7290168945,231388
20251212,서울 강남구,외부방문객,39823304642,1262871
20251212,서울 강남구,정보없음,35073118,1017
20251212,서울 강남구,지역주민,39239243806,1013689
20251213,강원 춘천시,외부방문객,1506673477,46382
20251213,강원 춘천시,정보없음,5028933,168
20251213,강원 춘천시,지역주민,7316731547,212862
20251213,서울 강남구,외부방문객,36020322928,1228142
20251213,서울 강남구,정보없음,55365983,945
20251213,서울 강남구,지역주민,36674846676,830383
20251214,강원 춘천시,외부방문객,1137570675,41026
20251214,강원 춘천시,정보없음,2884583,138
20251214,강원 춘천시,지역주민,5234098047,176466
20251214,서울 강남구,외부방문객,27788173959,1193400
20251214,서울 강남구,정보없음,19075729,837
20251214,서울 강남구,지역주민,25357165457,739303
20251215,강원 춘천시,외부방문객,956261645,37168
20251215,강원 춘천시,정보없음,4099671,143
20251215,강원 춘천시,지역주민,7136978733,213950
20251215,서울 강남구,외부방문객,63786465613,1672323
20251215,서울 강남구,정보없음,125600854,1579
20251215,서울 강남구,지역주민,39939466073,1052321
20251216,강원 춘천시,외부방문객,886565417,36224
20251216,강원 춘천시,정보없음,4825489,148
20251216,강원 춘천시,지역주민,6903900481,201344
20251216,서울 강남구,외부방문객,39641513165,1194474
20251216,서울 강남구,정보없음,48817381,985
20251216,서울 강남구,지역주민,36523654882,916245
20251217,강원 춘천시,외부방문객,924261666,38297
20251217,강원 춘천시,정보없음,6824158,99
20251217,강원 춘천시,지역주민,7080232957,212849
20251217,서울 강남구,외부방문객,39547745357,1266639
20251217,서울 강남구,정보없음,27831342,1123
20251217,서울 강남구,지역주민,37876667909,990391
20251218,강원 춘천시,외부방문객,1078622048,37068
20251218,강원 춘천시,정보없음,4426733,103
20251218,강원 춘천시,지역주민,6966095180,214212
20251218,서울 강남구,외부방문객,39638507083,1284351
20251218,서울 강남구,정보없음,42042918,1158
20251218,서울 강남구,지역주민,40410602622,1005942
20251219,강원 춘천시,외부방문객,1142523988,40186
20251219,강원 춘천시,정보없음,5253500,205
20251219,강원 춘천시,지역주민,7860266967,230663
20251219,서울 강남구,외부방문객,43607515920,1306482
20251219,서울 강남구,정보없음,94363152,846
20251219,서울 강남구,지역주민,44660215188,1052507
20251220,강원 춘천시,외부방문객,1691150275,51441
20251220,강원 춘천시,정보없음,5601017,149
20251220,강원 춘천시,지역주민,7844263841,226126
20251220,서울 강남구,외부방문객,39669771717,1330648
20251220,서울 강남구,정보없음,32363557,902
20251220,서울 강남구,지역주민,40066462874,910480
20251221,강원 춘천시,외부방문객,1271809205,41454
20251221,강원 춘천시,정보없음,8758981,110
20251221,강원 춘천시,지역주민,5951178025,189597
20251221,서울 강남구,외부방문객,29375862415,1229123
20251221,서울 강남구,정보없음,14899521,764
20251221,서울 강남구,지역주민,26747802786,763451
20251222,강원 춘천시,외부방문객,917058265,32018
20251222,강원 춘천시,정보없음,3595607,115
20251222,강원 춘천시,지역주민,6949431358,214817
20251222,서울 강남구,외부방문객,57136901650,1535493
20251222,서울 강남구,정보없음,47329495,1114
20251222,서울 강남구,지역주민,40808126238,1043217
20251223,강원 춘천시,외부방문객,937625881,28263
20251223,강원 춘천시,정보없음,5026879,172
20251223,강원 춘천시,지역주민,6367899484,193080
20251223,서울 강남구,외부방문객,43463687122,1305855
20251223,서울 강남구,정보없음,39995294,972
20251223,서울 강남구,지역주민,42941502408,974604
20251224,강원 춘천시,외부방문객,1151433928,33871
20251224,강원 춘천시,정보없음,2106339,114
20251224,강원 춘천시,지역주민,8552565317,233624
20251224,서울 강남구,외부방문객,57492203477,1624278
20251224,서울 강남구,정보없음,49616584,1332
20251224,서울 강남구,지역주민,50088121316,1164801
20251225,강원 춘천시,외부방문객,1411889712,46242
20251225,강원 춘천시,정보없음,8622160,192
20251225,강원 춘천시,지역주민,6701494126,205002
20251225,서울 강남구,외부방문객,29610299437,1315223
20251225,서울 강남구,정보없음,29256894,1053
20251225,서울 강남구,지역주민,27519732706,780466
20251226,강원 춘천시,외부방문객,1387232629,42613
20251226,강원 춘천시,정보없음,3345173,130
20251226,강원 춘천시,지역주민,7583910853,219604
20251226,서울 강남구,외부방문객,70910624039,1733052
20251226,서울 강남구,정보없음,91781789,1700
20251226,서울 강남구,지역주민,45829283180,1024885
20251227,강원 춘천시,외부방문객,1688313066,50935
20251227,강원 춘천시,정보없음,7239286,151
20251227,강원 춘천시,지역주민,7394524132,214424
20251227,서울 강남구,외부방문객,35917585025,1316408
20251227,서울 강남구,정보없음,24455040,975
20251227,서울 강남구,지역주민,37669979118,889414
20251228,강원 춘천시,외부방문객,1224775480,41222
20251228,강원 춘천시,정보없음,2945598,109
20251228,강원 춘천시,지역주민,4952729068,167455
20251228,서울 강남구,외부방문객,25500992617,1174730
20251228,서울 강남구,정보없음,24665802,848
20251228,서울 강남구,지역주민,24052630378,716856
20251229,강원 춘천시,외부방문객,1260287045,35086
20251229,강원 춘천시,정보없음,4021957,131
20251229,강원 춘천시,지역주민,7654840417,217477
20251229,서울 강남구,외부방문객,48372449658,1303907
20251229,서울 강남구,정보없음,19996130,991
20251229,서울 강남구,지역주민,47066087621,1014605
20251230,강원 춘천시,외부방문객,1267145944,35419
20251230,강원 춘천시,정보없음,7412997,101
20251230,강원 춘천시,지역주민,7519296309,217657
20251230,서울 강남구,외부방문객,50968461734,1259543
20251230,서울 강남구,정보없음,53010892,1199
20251230,서울 강남구,지역주민,47846449972,1001298
20251231,강원 춘천시,외부방문객,1435060706,39395
20251231,강원 춘천시,정보없음,5893182,136
20251231,강원 춘천시,지역주민,8944812659,241949
20251231,서울 강남구,외부방문객,49995438351,1387118
20251231,서울 강남구,정보없음,74765973,1204
20251231,서울 강남구,지역주민,46674765217,1045476
