region,date,temp_mean,temp_max,temp_min,precip_sum,precip_max_1h,rain_hours,wind_max,wind_mean,humidity_mean,n_hours,heat_day,tropical_night,cold_day,rain_day,heavy_rain_day
강원 춘천시,2025-07-01,27.316666666666666,32.5,22.9,1.2999999999999998,0.7,2,3.2,1.4875,80.45833333333333,24,False,False,False,True,False
강원 춘천시,2025-07-02,27.766666666666666,31.4,24.4,0.0,0.0,0,2.9,1.4875,77.70833333333333,24,False,False,False,False,False
강원 춘천시,2025-07-03,27.733333333333334,31.2,24.2,0.0,0.0,0,3.0,1.4916666666666665,76.25,24,False,False,False,False,False
강원 춘천시,2025-07-04,25.46666666666667,27.8,24.4,1.7,0.9,4,3.1,1.4708333333333332,81.16666666666667,24,False,False,False,True,False
강원 춘천시,2025-07-05,27.483333333333334,31.1,24.9,0.0,0.0,0,2.6,1.3666666666666665,75.83333333333333,24,False,False,False,False,False
강원 춘천시,2025-07-06,27.495833333333334,30.0,25.1,0.0,0.0,0,2.6,1.3833333333333335,78.16666666666667,24,False,True,False,False,False
강원 춘천시,2025-07-07,29.708333333333332,34.7,25.9,0.0,0.0,0,2.4,1.4375,75.0,24,True,True,False,False,False
강원 춘천시,2025-07-08,29.666666666666668,36.5,24.7,0.0,0.0,0,5.0,1.9583333333333333,71.54166666666667,24,True,False,False,False,False
강원 춘천시,2025-07-09,29.962500000000002,35.5,24.6,0.0,0.0,0,3.7,2.433333333333333,61.75,24,True,False,False,False,False
강원 춘천시,2025-07-10,28.391666666666666,34.3,22.9,0.0,0.0,0,4.6,2.6666666666666665,53.541666666666664,24,True,False,False,False,False
강원 춘천시,2025-07-11,26.704166666666666,33.5,19.8,0.0,0.0,0,5.0,3.108333333333333,56.583333333333336,24,True,False,False,False,False
강원 춘천시,2025-07-12,27.191666666666666,35.1,19.8,0.0,0.0,0,3.1,1.9041666666666668,57.791666666666664,24,True,False,False,False,False
강원 춘천시,2025-07-13,24.900000000000002,30.4,20.6,0.4,0.2,2,2.7,1.0958333333333334,78.66666666666667,24,False,False,False,False,False
강원 춘천시,2025-07-14,21.72083333333333,23.8,20.3,18.5,4.0,15,2.4,1.0083333333333333,89.08333333333333,24,False,False,False,True,False
강원 춘천시,2025-07-15,22.47083333333333,26.0,20.1,30.500000000000004,18.6,6,3.2,1.2333333333333334,85.54166666666667,24,False,False,False,True,True
강원 춘천시,2025-07-16,22.212500000000002,24.9,20.9,55.199999999999996,20.9,13,2.4,0.9375,90.625,24,False,False,False,True,True
강원 춘천시,2025-07-17,21.879166666666666,23.2,20.9,42.1,9.1,17,3.0,1.1541666666666666,93.375,24,False,False,False,True,True
강원 춘천시,2025-07-18,23.537499999999998,26.2,21.5,18.6,8.6,10,2.1,0.6625,91.25,24,False,False,False,True,False
강원 춘천시,2025-07-19,23.125,24.8,21.7,23.0,5.6,14,1.8,0.5708333333333333,93.20833333333333,24,False,False,False,True,False
강원 춘천시,2025-07-20,26.566666666666666,32.0,23.0,94.7,44.4,8,3.6,1.2625,82.04166666666667,24,False,False,False,True,True
강원 춘천시,2025-07-21,27.47083333333333,32.3,23.3,0.0,0.0,0,2.9,1.3208333333333333,78.25,24,False,False,False,False,False
강원 춘천시,2025-07-22,28.104166666666668,33.0,24.2,0.0,0.0,0,3.0,1.4749999999999999,74.16666666666667,24,True,False,False,False,False
강원 춘천시,2025-07-23,27.34583333333333,33.6,22.2,0.0,0.0,0,2.6,1.425,76.125,24,True,False,False,False,False
강원 춘천시,2025-07-24,28.025000000000002,34.5,23.2,0.0,0.0,0,2.5,1.2291666666666667,75.0,24,True,False,False,False,False
강원 춘천시,2025-07-25,28.616666666666664,36.5,23.0,0.0,0.0,0,2.6,1.5041666666666667,70.83333333333333,24,True,False,False,False,False
강원 춘천시,2025-07-26,29.429166666666664,36.3,23.6,0.0,0.0,0,2.5,1.5083333333333335,70.70833333333333,24,True,False,False,False,False
강원 춘천시,2025-07-27,29.758333333333336,36.4,24.1,0.0,0.0,0,3.1,1.6458333333333333,70.25,24,True,False,False,False,False
강원 춘천시,2025-07-28,29.933333333333334,36.3,24.1,0.0,0.0,0,2.5,1.5541666666666665,71.25,24,True,False,False,False,False
강원 춘천시,2025-07-29,29.895833333333332,36.9,23.6,0.0,0.0,0,2.7,1.6458333333333333,68.25,24,True,False,False,False,False
강원 춘천시,2025-07-30,29.3625,35.2,24.7,0.0,0.0,0,2.5,1.5,73.125,24,True,False,False,False,False
강원 춘천시,2025-07-31,28.804166666666664,33.5,25.5,0.0,0.0,0,2.9,1.3375000000000001,71.95833333333333,24,True,True,False,False,False
강원 춘천시,2025-08-01,28.808333333333334,35.2,24.3,0.0,0.0,0,2.8,1.4291666666666665,71.08333333333333,24,True,False,False,False,False
강원 춘천시,2025-08-02,29.02916666666667,34.8,24.4,0.0,0.0,0,2.3,1.5125,71.5,24,True,False,False,False,False
강원 춘천시,2025-08-03,27.1375,32.3,23.0,1.4,0.4,5,2.3,1.2,80.375,24,False,False,False,True,False
강원 춘천시,2025-08-04,26.837500000000002,32.9,21.8,7.7,3.8,7,3.1,1.5458333333333334,79.29166666666667,24,False,False,False,True,False
강원 춘천시,2025-08-05,28.308333333333334,33.3,25.1,0.0,0.0,0,3.2,1.5374999999999999,74.54166666666667,24,True,True,False,False,False
강원 춘천시,2025-08-06,24.854166666666668,26.7,23.2,70.9,25.6,11,2.7,0.9833333333333334,90.79166666666667,24,False,False,False,True,True
강원 춘천시,2025-08-07,26.77916666666667,32.1,22.5,0.0,0.0,0,2.7,1.1125,72.45833333333333,24,False,False,False,False,False
강원 춘천시,2025-08-08,26.329166666666666,32.2,21.4,0.0,0.0,0,2.7,1.3958333333333333,73.875,24,False,False,False,False,False
강원 춘천시,2025-08-09,24.175,26.6,20.2,0.0,0.0,0,2.4,1.0541666666666667,80.33333333333333,24,False,False,False,False,False
강원 춘천시,2025-08-10,25.354166666666668,32.7,19.0,0.0,0.0,0,2.9,1.5833333333333333,72.58333333333333,24,False,False,False,False,False
강원 춘천시,2025-08-11,24.833333333333332,28.6,21.8,0.0,0.0,0,2.4,1.2083333333333333,80.20833333333333,24,False,False,False,False,False
강원 춘천시,2025-08-12,26.929166666666664,33.7,21.8,0.0,0.0,0,2.5,1.2125000000000001,71.79166666666667,24,True,False,False,False,False
강원 춘천시,2025-08-13,22.8125,24.1,21.1,65.1,12.0,16,2.4,0.9458333333333333,91.08333333333333,24,False,False,False,True,True
강원 춘천시,2025-08-14,25.254166666666666,28.3,23.2,41.6,13.7,9,2.5,1.1416666666666666,88.125,24,False,False,False,True,True
강원 춘천시,2025-08-15,27.037499999999998,32.3,22.9,0.0,0.0,0,2.7,1.1958333333333333,77.95833333333333,24,False,False,False,False,False
강원 춘천시,2025-08-16,27.316666666666666,32.6,22.9,0.0,0.0,0,3.1,1.3333333333333333,75.95833333333333,24,False,False,False,False,False
강원 춘천시,2025-08-17,26.266666666666666,30.8,22.5,0.0,0.0,0,2.8,1.2416666666666667,80.95833333333333,24,False,False,False,False,False
강원 춘천시,2025-08-18,27.454166666666666,32.5,23.9,0.7,0.5,2,3.5,1.4166666666666667,76.33333333333333,24,False,False,False,False,False
강원 춘천시,2025-08-19,27.791666666666668,32.4,23.3,0.0,0.0,0,3.9,1.5999999999999999,74.45833333333333,24,False,False,False,False,False
강원 춘천시,2025-08-20,27.554166666666664,32.9,23.5,8.6,7.7,3,2.9,1.175,78.16666666666667,24,False,False,False,True,False
강원 춘천시,2025-08-21,27.599999999999998,33.0,23.4,0.0,0.0,0,3.5,1.0791666666666668,79.5,24,True,False,False,False,False
강원 춘천시,2025-08-22,28.433333333333334,33.5,24.8,0.0,0.0,0,3.1,1.5916666666666668,74.625,24,True,False,False,False,False
강원 춘천시,2025-08-23,26.7375,30.5,23.0,0.0,0.0,0,1.7,0.8166666666666668,82.95833333333333,24,False,False,False,False,False
강원 춘천시,2025-08-24,28.27916666666667,34.0,24.8,0.0,0.0,0,2.6,1.2375,79.45833333333333,24,True,False,False,False,False
강원 춘천시,2025-08-25,28.1125,32.2,24.0,0.4,0.4,1,3.7,1.6291666666666667,77.875,24,False,False,False,False,False
강원 춘천시,2025-08-26,26.825,31.6,23.7,46.2,27.3,10,2.9,1.55,81.91666666666667,24,False,False,False,True,True
강원 춘천시,2025-08-27,26.558333333333334,31.5,22.8,0.0,0.0,0,2.3,1.1333333333333333,73.83333333333333,24,False,False,False,False,False
강원 춘천시,2025-08-28,26.241666666666664,29.8,23.1,0.0,0.0,0,2.5,1.0166666666666666,80.16666666666667,24,False,False,False,False,False
강원 춘천시,2025-08-29,28.400000000000002,33.0,25.8,0.6000000000000001,0.4,2,4.1,2.15,76.45833333333333,24,True,True,False,False,False
강원 춘천시,2025-08-30,26.879166666666666,32.0,24.3,3.9000000000000004,3.7,2,2.3,1.2166666666666666,83.58333333333333,24,False,False,False,True,False
강원 춘천시,2025-08-31,26.349999999999998,31.7,24.1,5.8,4.6,2,2.3,0.8458333333333333,84.58333333333333,24,False,False,False,True,False
강원 춘천시,2025-09-01,24.979166666666668,27.3,22.9,54.4,25.5,9,2.7,1.3041666666666667,89.125,24,False,False,False,True,True
강원 춘천시,2025-09-02,25.166666666666668,30.2,21.9,0.0,0.0,0,2.3,1.0583333333333333,77.04166666666667,24,False,False,False,False,False
강원 춘천시,2025-09-03,25.691666666666666,32.4,20.8,0.0,0.0,0,2.7,1.2833333333333334,75.75,24,False,False,False,False,False
강원 춘천시,2025-09-04,23.95,27.7,21.5,30.0,7.8,9,2.8,1.6208333333333333,82.875,24,False,False,False,True,True
강원 춘천시,2025-09-05,25.829166666666666,32.7,19.9,0.0,0.0,0,2.5,1.2874999999999999,74.79166666666667,24,False,False,False,False,False
강원 춘천시,2025-09-06,24.879166666666666,28.6,23.1,45.3,26.5,10,4.5,1.1875,90.125,24,False,False,False,True,True
강원 춘천시,2025-09-07,25.254166666666666,29.9,18.9,5.1,3.9,4,3.1,1.7750000000000001,76.41666666666667,24,False,False,False,True,False
강원 춘천시,2025-09-08,22.766666666666666,29.0,18.3,0.0,0.0,0,2.0,0.9874999999999999,78.04166666666667,24,False,False,False,False,False
강원 춘천시,2025-09-09,21.787499999999998,25.2,18.5,0.0,0.0,0,2.7,1.1500000000000001,81.95833333333333,24,False,False,False,False,False
강원 춘천시,2025-09-10,21.849999999999998,31.1,15.8,0.0,0.0,0,2.4,1.325,70.41666666666667,24,False,False,False,False,False
강원 춘천시,2025-09-11,22.833333333333332,30.7,15.9,0.0,0.0,0,3.5,2.1458333333333335,67.33333333333333,24,False,False,False,False,False
강원 춘천시,2025-09-12,22.15416666666667,27.2,18.6,8.7,5.9,6,2.9,1.3625,79.16666666666667,24,False,False,False,True,False
강원 춘천시,2025-09-13,21.650000000000002,25.3,19.5,66.39999999999999,17.4,10,2.9,2.1625,83.33333333333333,24,False,False,False,True,True
강원 춘천시,2025-09-14,22.741666666666664,28.2,19.1,0.0,0.0,0,2.9,1.1458333333333333,79.375,24,False,False,False,False,False
강원 춘천시,2025-09-15,22.90416666666667,29.3,18.9,0.0,0.0,0,1.9,0.9833333333333334,81.04166666666667,24,False,False,False,False,False
강원 춘천시,2025-09-16,22.087500000000002,25.0,19.6,14.6,13.6,4,3.6,0.8916666666666666,90.25,24,False,False,False,True,False
강원 춘천시,2025-09-17,21.179166666666667,22.9,19.4,60.8,21.9,8,2.9,0.8833333333333333,92.91666666666667,24,False,False,False,True,True
강원 춘천시,2025-09-18,19.9875,24.6,16.3,0.0,0.0,0,4.1,2.2916666666666665,76.91666666666667,24,False,False,False,False,False
강원 춘천시,2025-09-19,18.0125,22.0,15.5,11.5,2.9,11,3.1,1.3499999999999999,86.375,24,False,False,False,True,False
강원 춘천시,2025-09-20,18.3875,22.1,16.4,41.0,9.8,11,2.5,1.2958333333333334,88.625,24,False,False,False,True,True
강원 춘천시,2025-09-21,19.079166666666666,25.9,14.1,0.0,0.0,0,2.9,1.3333333333333333,74.54166666666667,24,False,False,False,False,False
강원 춘천시,2025-09-22,18.145833333333332,23.9,13.0,0.0,0.0,0,3.1,1.6916666666666667,76.33333333333333,24,False,False,False,False,False
강원 춘천시,2025-09-23,20.95,26.3,15.8,0.0,0.0,0,3.6,2.1166666666666667,67.66666666666667,24,False,False,False,False,False
강원 춘천시,2025-09-24,19.858333333333334,22.5,17.0,12.7,6.5,8,2.2,0.7208333333333333,85.75,24,False,False,False,True,False
강원 춘천시,2025-09-25,21.416666666666668,27.0,16.3,0.0,0.0,0,2.5,0.975,81.45833333333333,24,False,False,False,False,False
강원 춘천시,2025-09-26,19.775000000000002,26.9,16.0,0.0,0.0,0,2.4,1.3375000000000001,81.20833333333333,24,False,False,False,False,False
강원 춘천시,2025-09-27,19.974999999999998,26.7,15.0,0.0,0.0,0,2.3,1.0625,77.54166666666667,24,False,False,False,False,False
강원 춘천시,2025-09-28,17.89166666666667,20.8,16.1,30.9,9.4,9,2.3,0.9375,91.70833333333333,24,False,False,False,True,True
강원 춘천시,2025-09-29,19.224999999999998,25.5,15.2,0.0,0.0,0,2.2,0.8708333333333332,79.54166666666667,24,False,False,False,False,False
강원 춘천시,2025-09-30,17.495833333333334,22.3,14.9,0.0,0.0,0,1.7,0.6916666666666668,87.58333333333333,24,False,False,False,False,False
강원 춘천시,2025-10-01,19.308333333333334,25.2,16.4,0.0,0.0,0,1.6,0.8416666666666667,82.70833333333333,24,False,False,False,False,False
강원 춘천시,2025-10-02,19.758333333333333,26.5,15.9,0.0,0.0,0,2.1,1.1458333333333333,81.66666666666667,24,False,False,False,False,False
강원 춘천시,2025-10-03,19.679166666666667,23.4,17.0,0.1,0.1,1,3.5,1.7458333333333333,80.58333333333333,24,False,False,False,False,False
강원 춘천시,2025-10-04,21.65416666666667,26.0,18.4,0.0,0.0,0,2.6,1.3041666666666667,77.875,24,False,False,False,False,False
강원 춘천시,2025-10-05,19.9375,22.0,18.5,1.9,0.8,5,2.9,0.8791666666666668,89.20833333333333,24,False,False,False,True,False
강원 춘천시,2025-10-06,16.741666666666667,19.3,14.6,25.4,4.7,17,3.4,1.8958333333333333,90.95833333333333,24,False,False,False,True,False
강원 춘천시,2025-10-07,17.2625,19.3,14.9,10.6,4.9,13,3.4,2.2291666666666665,92.625,24,False,False,False,True,False
강원 춘천시,2025-10-08,20.966666666666665,27.3,16.8,0.0,0.0,0,2.5,1.3291666666666666,76.125,24,False,False,False,False,False
강원 춘천시,2025-10-09,17.854166666666668,20.3,15.0,0.1,0.1,1,3.8,2.5875,75.70833333333333,24,False,False,False,False,False
강원 춘천시,2025-10-10,15.804166666666667,16.9,14.7,34.5,2.8,24,2.5,1.5291666666666668,95.08333333333333,24,False,False,False,True,True
강원 춘천시,2025-10-11,15.891666666666666,17.3,14.5,33.3,5.4,21,2.7,1.0875000000000001,95.16666666666667,24,False,False,False,True,True
강원 춘천시,2025-10-12,17.833333333333332,19.2,16.9,0.1,0.1,1,3.5,1.3208333333333333,87.54166666666667,24,False,False,False,False,False
강원 춘천시,2025-10-13,14.391666666666666,16.1,12.8,31.400000000000002,5.5,19,2.6,1.9458333333333335,91.625,24,False,False,False,True,True
강원 춘천시,2025-10-14,16.641666666666666,21.3,13.2,0.2,0.1,2,3.2,2.1458333333333335,82.125,24,False,False,False,False,False
강원 춘천시,2025-10-15,17.775000000000002,24.2,12.8,1.1,0.6,3,2.7,1.575,80.41666666666667,24,False,False,False,True,False
강원 춘천시,2025-10-16,18.537499999999998,23.1,14.8,3.4,2.1,4,3.1,1.825,79.29166666666667,24,False,False,False,True,False
강원 춘천시,2025-10-17,17.900000000000002,23.7,12.5,5.3,1.9,5,2.9,1.4666666666666668,80.58333333333333,24,False,False,False,True,False
강원 춘천시,2025-10-18,16.900000000000002,20.2,14.0,9.8,2.4,7,3.9,1.5708333333333335,81.83333333333333,24,False,False,False,True,False
강원 춘천시,2025-10-19,15.4125,21.9,10.1,0.0,0.0,0,3.2,1.6333333333333335,73.0,24,False,False,False,False,False
강원 춘천시,2025-10-20,11.504166666666668,15.8,8.1,0.0,0.0,0,3.0,1.7249999999999999,74.08333333333333,24,False,False,False,False,False
강원 춘천시,2025-10-21,11.225000000000001,16.3,7.0,0.0,0.0,0,2.6,1.2708333333333333,77.20833333333333,24,False,False,False,False,False
강원 춘천시,2025-10-22,12.616666666666667,18.3,6.6,0.0,0.0,0,3.5,2.2875,74.29166666666667,24,False,False,False,False,False
강원 춘천시,2025-10-23,14.179166666666667,20.9,10.4,0.0,0.0,0,2.8,1.9958333333333333,73.91666666666667,24,False,False,False,False,False
강원 춘천시,2025-10-24,14.049999999999999,19.3,9.2,0.0,0.0,0,3.0,2.1999999999999997,72.91666666666667,24,False,False,False,False,False
강원 춘천시,2025-10-25,13.775,20.2,10.3,0.0,0.0,0,2.7,1.0875000000000001,75.33333333333333,24,False,False,False,False,False
강원 춘천시,2025-10-26,11.241666666666667,13.7,8.3,0.0,0.0,0,1.9,0.9333333333333332,76.54166666666667,24,False,False,False,False,False
강원 춘천시,2025-10-27,7.379166666666666,11.6,2.3,0.0,0.0,0,6.4,2.183333333333333,52.333333333333336,24,False,False,False,False,False
강원 춘천시,2025-10-28,5.120833333333334,14.9,-2.6,0.0,0.0,0,2.4,0.7791666666666667,64.29166666666667,24,False,False,False,False,False
강원 춘천시,2025-10-29,7.383333333333333,16.2,0.4,0.0,0.0,0,1.7,0.6791666666666667,75.33333333333333,24,False,False,False,False,False
강원 춘천시,2025-10-30,8.916666666666666,17.4,3.7,0.0,0.0,0,1.4,0.5541666666666667,83.125,24,False,False,False,False,False
강원 춘천시,2025-10-31,12.1875,19.6,6.0,1.1,1.1,1,2.4,0.6666666666666666,77.875,24,False,False,False,True,False
강원 춘천시,2025-11-01,12.758333333333333,17.1,9.3,1.8,1.8,1,4.4,1.8791666666666667,65.79166666666667,24,False,False,False,True,False
강원 춘천시,2025-11-02,7.354166666666667,12.1,1.3,0.6,0.6,1,4.7,2.25,61.458333333333336,24,False,False,False,False,False
강원 춘천시,2025-11-03,4.8875,15.2,-2.3,0.0,0.0,0,1.5,0.6625,70.0,24,False,False,False,False,False
강원 춘천시,2025-11-04,7.995833333333334,17.4,2.6,0.0,0.0,0,2.4,0.7875000000000001,71.375,24,False,False,False,False,False
강원 춘천시,2025-11-05,8.012500000000001,18.3,1.5,0.0,0.0,0,1.4,0.5875,75.58333333333333,24,False,False,False,False,False
강원 춘천시,2025-11-06,8.441666666666666,18.0,2.8,0.0,0.0,0,1.8,0.5666666666666667,81.41666666666667,24,False,False,False,False,False
강원 춘천시,2025-11-07,10.654166666666667,19.3,4.3,0.0,0.0,0,3.4,1.1916666666666667,76.54166666666667,24,False,False,False,False,False
강원 춘천시,2025-11-08,12.487499999999999,14.7,9.9,0.0,0.0,0,2.9,1.5041666666666667,75.95833333333333,24,False,False,False,False,False
강원 춘천시,2025-11-09,11.783333333333333,18.2,6.3,0.0,0.0,0,4.1,1.8333333333333333,65.75,24,False,False,False,False,False
강원 춘천시,2025-11-10,7.9624999999999995,14.9,0.7,0.0,0.0,0,2.9,1.6041666666666667,37.458333333333336,24,False,False,False,False,False
강원 춘천시,2025-11-11,5.8999999999999995,15.6,-1.3,0.0,0.0,0,2.7,0.7333333333333334,66.75,24,False,False,False,False,False
강원 춘천시,2025-11-12,6.270833333333333,16.9,0.3,0.0,0.0,0,1.7,0.6041666666666666,76.29166666666667,24,False,False,False,False,False
강원 춘천시,2025-11-13,7.104166666666667,17.9,0.3,0.0,0.0,0,2.5,0.75,74.79166666666667,24,False,False,False,False,False
강원 춘천시,2025-11-14,5.679166666666667,15.1,-0.1,0.0,0.0,0,2.4,0.8833333333333333,69.66666666666667,24,False,False,False,False,False
강원 춘천시,2025-11-15,5.233333333333333,16.1,-1.8,0.0,0.0,0,1.2,0.5333333333333333,69.91666666666667,24,False,False,False,False,False
강원 춘천시,2025-11-16,8.133333333333335,18.7,-1.0,0.2,0.2,1,3.1,1.05,66.33333333333333,24,False,False,False,False,False
강원 춘천시,2025-11-17,4.733333333333333,10.4,-1.8,0.0,0.0,0,4.5,2.983333333333333,31.875,24,False,False,False,False,False
강원 춘천시,2025-11-18,-0.4791666666666667,7.2,-6.2,0.0,0.0,0,3.3,1.0583333333333333,57.208333333333336,24,False,False,False,False,False
강원 춘천시,2025-11-19,-0.08750000000000002,8.2,-5.9,0.0,0.0,0,2.0,0.7083333333333334,64.5,24,False,False,False,False,False
강원 춘천시,2025-11-20,4.216666666666667,13.0,-3.9,0.0,0.0,0,4.1,1.4791666666666667,62.791666666666664,24,False,False,False,False,False
강원 춘천시,2025-11-21,4.7875000000000005,10.1,-4.1,0.0,0.0,0,4.1,1.6083333333333334,60.458333333333336,24,False,False,False,False,False
강원 춘천시,2025-11-22,5.3625,14.2,-0.7,0.0,0.0,0,3.0,0.6625,76.29166666666667,24,False,False,False,False,False
강원 춘천시,2025-11-23,5.333333333333333,10.9,-0.2,0.0,0.0,0,1.2,0.39999999999999997,82.125,24,False,False,False,False,False
강원 춘천시,2025-11-24,8.604166666666666,15.6,3.2,0.0,0.0,0,1.5,0.5833333333333334,81.125,24,False,False,False,False,False
강원 춘천시,2025-11-25,4.6499999999999995,6.5,1.6,8.5,4.8,4,2.7,1.0458333333333334,90.875,24,False,False,False,True,False
강원 춘천시,2025-11-26,5.470833333333334,10.1,-0.1,0.0,0.0,0,2.8,1.3916666666666666,73.875,24,False,False,False,False,False
강원 춘천시,2025-11-27,2.8625000000000003,6.0,-0.3,7.6,5.0,4,4.1,1.3916666666666666,86.95833333333333,24,False,False,False,True,False
강원 춘천시,2025-11-28,1.4208333333333334,8.1,-3.4,0.0,0.0,0,2.8,1.3125,62.833333333333336,24,False,False,False,False,False
강원 춘천시,2025-11-29,1.5374999999999999,6.3,-4.8,0.0,0.0,0,1.6,0.6166666666666667,74.83333333333333,24,False,False,False,False,False
강원 춘천시,2025-11-30,9.387500000000001,15.4,3.1,0.0,0.0,0,2.7,0.9958333333333332,75.41666666666667,24,False,False,False,False,False
강원 춘천시,2025-12-01,6.479166666666667,11.7,-1.2,0.0,0.0,0,3.9,2.0625,50.166666666666664,24,False,False,False,False,False
강원 춘천시,2025-12-02,-0.20833333333333334,4.7,-5.4,0.0,0.0,0,4.8,2.4583333333333335,48.708333333333336,24,False,False,False,False,False
강원 춘천시,2025-12-03,-6.125,-2.8,-8.9,0.0,0.0,0,5.4,2.7624999999999997,37.166666666666664,24,False,False,False,False,False
강원 춘천시,2025-12-04,-5.654166666666666,0.8,-12.6,0.9,0.9,1,3.3,1.3541666666666667,58.916666666666664,24,False,False,True,False,False
강원 춘천시,2025-12-05,-3.5833333333333335,2.3,-8.8,0.0,0.0,0,3.2,1.4458333333333335,60.916666666666664,24,False,False,False,False,False
강원 춘천시,2025-12-06,-0.7708333333333334,3.0,-5.6,0.1,0.1,1,1.6,0.49583333333333335,75.58333333333333,24,False,False,False,False,False
강원 춘천시,2025-12-07,4.125,12.4,-3.2,0.0,0.0,0,3.3,1.0833333333333333,75.625,24,False,False,False,False,False
강원 춘천시,2025-12-08,2.0541666666666667,8.4,-5.4,0.0,0.0,0,4.0,1.4541666666666666,48.5,24,False,False,False,False,False
강원 춘천시,2025-12-09,-1.1666666666666667,7.9,-7.9,0.0,0.0,0,2.9,0.7458333333333332,72.04166666666667,24,False,False,False,False,False
강원 춘천시,2025-12-10,-9.483155002006545e-17,4.6,-4.5,0.0,0.0,0,2.0,0.46249999999999997,85.91666666666667,24,False,False,False,False,False
강원 춘천시,2025-12-11,2.2916666666666665,9.7,-1.8,9.799999999999999,8.6,2,4.1,1.0291666666666666,81.125,24,False,False,False,True,False
강원 춘천시,2025-12-12,1.6833333333333333,6.9,-3.5,0.0,0.0,0,2.9,1.5916666666666668,66.875,24,False,False,False,False,False
강원 춘천시,2025-12-13,1.0208333333333333,2.5,0.4,8.8,4.4,4,2.4,0.8458333333333333,87.20833333333333,24,False,False,False,True,False
강원 춘천시,2025-12-14,-0.9208333333333334,1.3,-5.3,0.0,0.0,0,4.0,2.0166666666666666,77.45833333333333,24,False,False,False,False,False
강원 춘천시,2025-12-15,-2.533333333333333,1.1,-6.0,0.0,0.0,0,2.0,0.8666666666666667,89.75,24,False,False,False,False,False
강원 춘천시,2025-12-16,0.8086956521739131,1.9,-0.8,0.7,0.4,2,1.3,0.45,92.70833333333333,24,False,False,False,False,False
강원 춘천시,2025-12-17,2.5458333333333334,7.1,-3.0,0.0,0.0,0,2.5,0.7833333333333333,83.29166666666667,24,False,False,False,False,False
강원 춘천시,2025-12-18,-1.1458333333333333,4.6,-3.7,0.0,0.0,0,1.5,0.7583333333333333,87.83333333333333,24,False,False,False,False,False
강원 춘천시,2025-12-19,-1.1666666666666667,2.9,-4.9,0.0,0.0,0,1.1,0.4583333333333333,88.33333333333333,24,False,False,False,False,False
강원 춘천시,2025-12-20,3.8000000000000003,6.3,1.5,0.4,0.2,3,3.9,0.9375,86.33333333333333,24,False,False,False,False,False
강원 춘천시,2025-12-21,-0.8333333333333334,3.7,-6.9,0.0,0.0,0,4.5,1.8875,43.083333333333336,24,False,False,False,False,False
강원 춘천시,2025-12-22,-3.341666666666667,5.0,-9.0,0.0,0.0,0,1.6,0.7291666666666666,65.04166666666667,24,False,False,False,False,False
강원 춘천시,2025-12-23,-2.345833333333333,0.2,-6.2,7.6,5.0,3,1.7,0.6458333333333334,83.66666666666667,24,False,False,False,True,False
강원 춘천시,2025-12-24,1.2291666666666667,3.7,-0.1,0.0,0.0,0,1.5,0.44166666666666665,86.20833333333333,24,False,False,False,False,False
강원 춘천시,2025-12-25,-1.7541666666666667,1.9,-8.3,0.0,0.0,0,4.6,2.566666666666667,59.208333333333336,24,False,False,False,False,False
강원 춘천시,2025-12-26,-8.879166666666666,-3.8,-13.3,0.0,0.0,0,3.1,1.5750000000000002,48.416666666666664,24,False,False,True,False,False
강원 춘천시,2025-12-27,-7.345833333333334,-2.9,-12.3,0.0,0.0,0,1.9,0.7833333333333333,75.375,24,False,False,True,False,False
강원 춘천시,2025-12-28,-0.32083333333333336,3.7,-4.7,1.0,1.0,1,1.4,0.525,79.79166666666667,24,False,False,False,True,False
강원 춘천시,2025-12-29,3.1958333333333333,8.7,-2.4,0.7999999999999999,0.6,2,3.0,1.2083333333333333,81.25,24,False,False,False,False,False
강원 춘천시,2025-12-30,-1.7041666666666666,4.1,-7.2,0.0,0.0,0,3.5,1.3166666666666667,61.458333333333336,24,False,False,False,False,False
강원 춘천시,2025-12-31,-5.733333333333333,-1.1,-10.2,0.0,0.0,0,3.6,1.5250000000000001,46.75,24,False,False,True,False,False
서울 강남구,2025-07-01,28.679166666666664,31.6,26.4,0.9,0.8,2,4.7,2.9875000000000003,78.41666666666667,24,False,True,False,False,False
서울 강남구,2025-07-02,28.554166666666664,30.6,26.8,0.0,0.0,0,5.2,3.108333333333333,75.79166666666667,24,False,True,False,False,False
서울 강남구,2025-07-03,28.25,31.5,26.5,0.0,0.0,0,4.2,2.829166666666667,76.125,24,False,True,False,False,False
서울 강남구,2025-07-04,27.179166666666664,29.5,25.7,0.0,0.0,0,4.1,3.2125,77.04166666666667,24,False,True,False,False,False
서울 강남구,2025-07-05,28.358333333333334,32.2,26.0,0.0,0.0,0,3.8,2.7458333333333336,73.5,24,False,True,False,False,False
서울 강남구,2025-07-06,28.954166666666666,32.7,26.4,0.0,0.0,0,3.4,2.3916666666666666,74.16666666666667,24,False,True,False,False,False
서울 강남구,2025-07-07,29.116666666666664,33.0,26.7,0.0,0.0,0,3.5,1.9124999999999999,78.625,24,True,True,False,False,False
서울 강남구,2025-07-08,30.900000000000002,37.4,27.0,11.8,6.4,3,6.3,2.0458333333333334,72.83333333333333,24,True,True,False,True,False
서울 강남구,2025-07-09,31.758333333333336,35.5,27.5,0.0,0.0,0,3.3,2.1333333333333333,62.041666666666664,24,True,True,False,False,False
서울 강남구,2025-07-10,31.504166666666666,36.1,27.3,0.0,0.0,0,4.3,3.0375,47.083333333333336,24,True,True,False,False,False
서울 강남구,2025-07-11,30.150000000000002,36.0,24.6,0.0,0.0,0,4.7,3.3625000000000003,46.541666666666664,24,True,False,False,False,False
서울 강남구,2025-07-12,30.25,36.2,24.4,0.0,0.0,0,3.5,2.408333333333333,46.541666666666664,24,True,False,False,False,False
서울 강남구,2025-07-13,27.837500000000002,30.8,25.6,0.0,0.0,0,3.1,1.4916666666666665,65.58333333333333,24,False,True,False,False,False
서울 강남구,2025-07-14,24.287499999999998,27.9,21.7,13.6,3.9,11,3.9,2.0749999999999997,77.79166666666667,24,False,False,False,True,False
서울 강남구,2025-07-15,23.3875,25.7,21.5,4.0,1.2,8,5.0,2.35,84.54166666666667,24,False,False,False,True,False
서울 강남구,2025-07-16,23.412499999999998,24.6,22.3,73.1,22.5,13,3.6,2.15,88.91666666666667,24,False,False,False,True,True
서울 강남구,2025-07-17,23.212500000000002,24.3,22.0,75.5,31.4,19,3.2,2.0625,94.16666666666667,24,False,False,False,True,True
서울 강남구,2025-07-18,24.708333333333332,27.0,23.0,16.1,8.7,8,2.7,1.7208333333333332,89.79166666666667,24,False,False,False,True,False
서울 강남구,2025-07-19,23.925,25.6,21.9,84.0,29.2,17,3.2,1.8625,95.625,24,False,False,False,True,True
서울 강남구,2025-07-20,27.604166666666668,31.3,25.0,14.8,6.4,6,4.5,2.7375000000000003,82.875,24,False,True,False,True,False
서울 강남구,2025-07-21,28.366666666666664,31.6,25.7,0.0,0.0,0,3.8,2.225,77.95833333333333,24,False,True,False,False,False
서울 강남구,2025-07-22,28.75,32.0,26.7,0.1,0.1,1,4.2,2.7458333333333336,76.45833333333333,24,False,True,False,False,False
서울 강남구,2025-07-23,28.962500000000002,33.1,25.5,0.0,0.0,0,3.8,1.8833333333333335,71.70833333333333,24,True,True,False,False,False
서울 강남구,2025-07-24,29.77916666666667,33.9,25.8,0.0,0.0,0,3.4,2.0,67.66666666666667,24,True,True,False,False,False
서울 강남구,2025-07-25,31.004166666666666,36.0,25.7,0.0,0.0,0,3.2,1.8958333333333333,65.45833333333333,24,True,True,False,False,False
서울 강남구,2025-07-26,32.2125,37.0,27.6,0.0,0.0,0,3.2,1.7625,61.416666666666664,24,True,True,False,False,False
서울 강남구,2025-07-27,32.729166666666664,37.6,28.3,0.0,0.0,0,2.9,1.9625000000000001,61.5,24,True,True,False,False,False
서울 강남구,2025-07-28,32.2875,36.3,28.9,0.0,0.0,0,3.1,2.0,66.875,24,True,True,False,False,False
서울 강남구,2025-07-29,31.94583333333333,36.3,27.6,0.0,0.0,0,3.0,2.1041666666666665,63.958333333333336,24,True,True,False,False,False
서울 강남구,2025-07-30,32.041666666666664,35.8,28.3,0.0,0.0,0,2.9,1.7291666666666667,62.583333333333336,24,True,True,False,False,False
서울 강남구,2025-07-31,31.0,34.0,29.3,0.0,0.0,0,3.4,1.9000000000000001,62.125,24,True,True,False,False,False
서울 강남구,2025-08-01,30.991666666666664,34.6,27.8,0.0,0.0,0,3.2,1.7625,66.66666666666667,24,True,True,False,False,False
서울 강남구,2025-08-02,31.108333333333334,36.2,27.4,0.0,0.0,0,2.9,1.7541666666666667,63.208333333333336,24,True,True,False,False,False
서울 강남구,2025-08-03,29.0125,32.4,24.0,1.3,1.2,2,3.7,1.9916666666666665,67.54166666666667,24,False,False,False,True,False
서울 강남구,2025-08-04,27.96666666666667,33.6,23.8,1.9,0.8,4,4.1,2.183333333333333,76.08333333333333,24,True,False,False,True,False
서울 강남구,2025-08-05,28.983333333333334,33.4,25.4,0.0,0.0,0,4.0,2.2416666666666667,68.20833333333333,24,True,True,False,False,False
서울 강남구,2025-08-06,27.233333333333334,29.3,25.8,22.0,7.2,10,4.8,3.1875,87.83333333333333,24,False,True,False,True,False
서울 강남구,2025-08-07,28.183333333333334,32.0,25.5,0.0,0.0,0,4.0,2.8000000000000003,71.79166666666667,24,False,True,False,False,False
서울 강남구,2025-08-08,26.558333333333334,30.1,24.0,6.3,6.3,1,2.9,1.6708333333333334,75.25,24,False,False,False,True,False
서울 강남구,2025-08-09,24.991666666666664,26.4,23.1,3.5,2.4,5,2.2,1.4541666666666666,81.625,24,False,False,False,True,False
서울 강남구,2025-08-10,27.116666666666664,33.1,21.0,0.0,0.0,0,3.1,1.7375,69.66666666666667,24,True,False,False,False,False
서울 강남구,2025-08-11,27.0,29.2,25.0,0.0,0.0,0,3.3,1.9083333333333332,74.54166666666667,24,False,True,False,False,False
서울 강남구,2025-08-12,28.53333333333333,34.0,23.3,0.0,0.0,0,3.8,2.2333333333333334,64.33333333333333,24,True,False,False,False,False
서울 강남구,2025-08-13,25.1375,26.8,22.0,126.7,30.0,13,5.2,2.6458333333333335,89.91666666666667,24,False,False,False,True,True
서울 강남구,2025-08-14,25.441666666666666,26.9,24.3,47.8,24.4,12,4.4,2.2041666666666666,91.33333333333333,24,False,False,False,True,True
서울 강남구,2025-08-15,27.129166666666666,30.9,24.4,0.0,0.0,0,3.1,1.7833333333333332,83.95833333333333,24,False,False,False,False,False
서울 강남구,2025-08-16,28.125,31.7,25.6,0.0,0.0,0,4.4,2.3208333333333333,76.95833333333333,24,False,True,False,False,False
서울 강남구,2025-08-17,28.420833333333334,31.9,26.1,0.0,0.0,0,3.5,2.2375,75.95833333333333,24,False,True,False,False,False
서울 강남구,2025-08-18,28.96666666666667,32.6,27.0,2.2,1.1,5,5.0,2.9625,75.58333333333333,24,False,True,False,True,False
서울 강남구,2025-08-19,29.045833333333334,32.1,26.9,0.0,0.0,0,4.9,3.170833333333333,75.91666666666667,24,False,True,False,False,False
서울 강남구,2025-08-20,29.3,32.7,27.0,0.0,0.0,0,3.6,2.5625,74.41666666666667,24,False,True,False,False,False
서울 강남구,2025-08-21,29.900000000000002,34.2,27.4,0.0,0.0,0,3.9,2.2583333333333333,71.04166666666667,24,True,True,False,False,False
서울 강남구,2025-08-22,29.395833333333332,33.4,26.3,0.0,0.0,0,3.7,2.120833333333333,70.54166666666667,24,True,True,False,False,False
서울 강남구,2025-08-23,29.291666666666668,31.8,27.4,0.0,0.0,0,3.6,1.7666666666666666,75.45833333333333,24,False,True,False,False,False
서울 강남구,2025-08-24,30.058333333333334,34.5,26.9,0.0,0.0,0,3.0,1.7,69.58333333333333,24,True,True,False,False,False
서울 강남구,2025-08-25,28.958333333333332,32.0,26.7,17.1,13.9,6,4.3,2.6666666666666665,78.83333333333333,24,False,True,False,True,False
서울 강남구,2025-08-26,27.65416666666667,31.3,25.5,5.4,2.2,6,4.3,2.8333333333333335,80.95833333333333,24,False,True,False,True,False
서울 강남구,2025-08-27,26.729166666666668,30.6,23.6,0.0,0.0,0,3.2,1.6041666666666667,74.25,24,False,False,False,False,False
서울 강남구,2025-08-28,28.09166666666667,30.9,24.8,0.0,0.0,0,4.0,2.6416666666666666,72.45833333333333,24,False,False,False,False,False
서울 강남구,2025-08-29,29.0125,32.7,27.3,32.2,12.0,6,5.3,3.404166666666667,81.25,24,False,True,False,True,True
서울 강남구,2025-08-30,28.458333333333332,31.7,25.9,23.9,10.5,6,4.1,1.9041666666666668,81.125,24,False,True,False,True,False
서울 강남구,2025-08-31,28.379166666666666,31.5,25.1,0.0,0.0,0,4.1,2.35,76.125,24,False,True,False,False,False
서울 강남구,2025-09-01,26.354166666666668,28.1,24.4,20.4,7.6,7,4.9,2.495833333333333,85.875,24,False,False,False,True,False
서울 강남구,2025-09-02,25.929166666666664,30.5,22.0,0.0,0.0,0,3.2,1.5291666666666668,75.5,24,False,False,False,False,False
서울 강남구,2025-09-03,27.400000000000002,31.9,22.7,0.0,0.0,0,2.9,1.9583333333333333,68.45833333333333,24,False,False,False,False,False
서울 강남구,2025-09-04,25.875,29.7,22.9,44.2,29.6,10,4.1,2.575,81.91666666666667,24,False,False,False,True,True
서울 강남구,2025-09-05,27.808333333333334,32.5,23.6,0.0,0.0,0,3.4,2.275,67.91666666666667,24,False,False,False,False,False
서울 강남구,2025-09-06,26.849999999999998,30.0,25.4,36.1,8.9,13,6.2,2.566666666666667,86.33333333333333,24,False,True,False,True,True
서울 강남구,2025-09-07,25.441666666666666,28.1,22.3,0.2,0.2,1,3.3,2.058333333333333,78.125,24,False,False,False,False,False
서울 강남구,2025-09-08,24.400000000000002,29.4,20.7,0.0,0.0,0,3.2,1.8541666666666667,73.125,24,False,False,False,False,False
서울 강남구,2025-09-09,23.895833333333332,26.8,21.4,0.0,0.0,0,3.1,1.7166666666666668,71.70833333333333,24,False,False,False,False,False
서울 강남구,2025-09-10,24.712500000000002,31.2,18.5,0.0,0.0,0,3.4,1.8125,61.791666666666664,24,False,False,False,False,False
서울 강남구,2025-09-11,25.708333333333332,31.6,19.9,0.0,0.0,0,3.7,2.6375,57.583333333333336,24,False,False,False,False,False
서울 강남구,2025-09-12,24.045833333333334,26.3,21.1,6.800000000000001,2.0,6,4.1,2.7583333333333333,67.16666666666667,24,False,False,False,True,False
서울 강남구,2025-09-13,23.291666666666668,27.4,20.4,63.7,20.6,7,3.4,2.004166666666667,81.04166666666667,24,False,False,False,True,True
서울 강남구,2025-09-14,24.695833333333336,29.2,21.5,0.0,0.0,0,2.3,1.6041666666666667,71.70833333333333,24,False,False,False,False,False
서울 강남구,2025-09-15,25.6125,30.4,20.9,0.0,0.0,0,2.9,1.4541666666666666,72.66666666666667,24,False,False,False,False,False
서울 강남구,2025-09-16,23.766666666666666,26.7,22.2,17.5,9.8,5,5.5,1.6166666666666665,86.25,24,False,False,False,True,False
서울 강남구,2025-09-17,22.733333333333334,23.9,21.2,52.7,35.2,7,4.5,1.7708333333333333,91.83333333333333,24,False,False,False,True,True
서울 강남구,2025-09-18,22.079166666666666,25.8,19.6,0.0,0.0,0,4.0,2.654166666666667,74.91666666666667,24,False,False,False,False,False
서울 강남구,2025-09-19,19.491666666666667,21.4,17.9,13.8,4.6,12,3.6,2.9,80.75,24,False,False,False,True,False
서울 강남구,2025-09-20,19.912499999999998,23.4,17.5,35.300000000000004,11.4,7,3.2,1.7375,85.79166666666667,24,False,False,False,True,True
서울 강남구,2025-09-21,21.6375,27.1,17.2,0.0,0.0,0,3.6,2.095833333333333,67.5,24,False,False,False,False,False
서울 강남구,2025-09-22,21.224999999999998,24.9,17.6,0.0,0.0,0,4.0,2.4291666666666667,59.5,24,False,False,False,False,False
서울 강남구,2025-09-23,22.666666666666668,26.4,19.2,0.0,0.0,0,3.5,2.4833333333333334,56.583333333333336,24,False,False,False,False,False
서울 강남구,2025-09-24,21.95,23.5,20.4,35.199999999999996,22.9,11,3.5,2.125,80.83333333333333,24,False,False,False,True,True
서울 강남구,2025-09-25,22.541666666666668,26.0,20.2,0.3,0.3,1,2.2,1.375,80.58333333333333,24,False,False,False,False,False
서울 강남구,2025-09-26,21.629166666666666,26.8,17.8,0.0,0.0,0,2.4,1.2541666666666667,78.54166666666667,24,False,False,False,False,False
서울 강남구,2025-09-27,22.358333333333334,26.8,17.7,0.0,0.0,0,3.1,1.8583333333333334,71.95833333333333,24,False,False,False,False,False
서울 강남구,2025-09-28,20.166666666666668,21.5,18.4,44.5,13.0,8,3.5,1.5250000000000001,85.33333333333333,24,False,False,False,True,True
서울 강남구,2025-09-29,19.729166666666668,23.8,16.6,0.0,0.0,0,2.9,1.5958333333333332,77.5,24,False,False,False,False,False
서울 강남구,2025-09-30,19.7625,23.7,17.3,0.0,0.0,0,1.9,1.325,80.875,24,False,False,False,False,False
서울 강남구,2025-10-01,20.433333333333334,25.6,16.7,0.0,0.0,0,4.3,1.7750000000000001,78.54166666666667,24,False,False,False,False,False
서울 강남구,2025-10-02,21.291666666666668,25.7,17.3,0.0,0.0,0,2.5,1.5250000000000001,74.91666666666667,24,False,False,False,False,False
서울 강남구,2025-10-03,21.108333333333334,22.3,19.8,0.8,0.2,6,3.6,2.275,75.95833333333333,24,False,False,False,False,False
서울 강남구,2025-10-04,22.516666666666666,24.9,21.0,0.0,0.0,0,2.9,1.7916666666666667,74.16666666666667,24,False,False,False,False,False
서울 강남구,2025-10-05,21.46666666666667,22.2,20.7,18.1,10.4,6,2.5,1.6500000000000001,89.375,24,False,False,False,True,False
서울 강남구,2025-10-06,17.833333333333332,20.6,15.4,36.8,7.7,16,5.2,3.670833333333333,93.79166666666667,24,False,False,False,True,True
서울 강남구,2025-10-07,18.154166666666665,19.7,15.8,7.1000000000000005,1.6,14,4.9,3.029166666666667,94.66666666666667,24,False,False,False,True,False
서울 강남구,2025-10-08,21.804166666666664,27.7,17.2,0.0,0.0,0,3.5,1.4625000000000001,73.54166666666667,24,False,False,False,False,False
서울 강남구,2025-10-09,20.133333333333333,22.5,16.9,0.0,0.0,0,4.7,3.3958333333333335,69.04166666666667,24,False,False,False,False,False
서울 강남구,2025-10-10,16.95,17.7,16.1,49.3,6.9,23,4.0,2.891666666666667,97.875,24,False,False,False,True,True
서울 강남구,2025-10-11,20.212500000000002,23.7,17.3,22.5,4.6,15,4.8,2.5208333333333335,93.75,24,False,False,False,True,False
서울 강남구,2025-10-12,19.087500000000002,21.3,17.6,0.1,0.1,1,4.0,2.2958333333333334,85.29166666666667,24,False,False,False,False,False
서울 강남구,2025-10-13,15.816666666666668,17.8,13.9,25.1,4.2,14,4.7,3.420833333333333,94.25,24,False,False,False,True,False
서울 강남구,2025-10-14,17.724999999999998,20.8,14.6,0.6,0.3,3,3.9,3.0875,80.91666666666667,24,False,False,False,False,False
서울 강남구,2025-10-15,20.270833333333332,25.2,16.3,1.5,1.1,3,3.4,2.379166666666667,73.95833333333333,24,False,False,False,True,False
서울 강남구,2025-10-16,20.170833333333334,24.7,17.1,1.3,0.6,3,4.3,2.441666666666667,76.16666666666667,24,False,False,False,True,False
서울 강남구,2025-10-17,19.7625,24.4,15.6,11.299999999999999,5.3,6,4.1,2.191666666666667,74.20833333333333,24,False,False,False,True,False
서울 강남구,2025-10-18,15.954166666666666,18.3,14.2,11.2,2.4,7,3.8,2.1625,87.75,24,False,False,False,True,False
서울 강남구,2025-10-19,14.691666666666665,19.1,8.9,0.0,0.0,0,5.1,2.9291666666666667,73.625,24,False,False,False,False,False
서울 강남구,2025-10-20,10.066666666666666,15.8,5.3,0.0,0.0,0,4.3,2.5500000000000003,65.91666666666667,24,False,False,False,False,False
서울 강남구,2025-10-21,9.154166666666667,14.0,4.8,0.0,0.0,0,2.7,1.5958333333333332,67.66666666666667,24,False,False,False,False,False
서울 강남구,2025-10-22,12.816666666666668,18.5,6.6,0.0,0.0,0,2.5,1.5833333333333333,72.29166666666667,24,False,False,False,False,False
서울 강남구,2025-10-23,14.950000000000001,19.3,11.8,0.0,0.0,0,3.0,1.9749999999999999,70.375,24,False,False,False,False,False
서울 강남구,2025-10-24,15.6625,20.9,11.4,0.0,0.0,0,3.6,2.095833333333333,66.91666666666667,24,False,False,False,False,False
서울 강남구,2025-10-25,14.466666666666667,17.5,12.6,0.0,0.0,0,3.6,2.2125,68.08333333333333,24,False,False,False,False,False
서울 강남구,2025-10-26,12.362499999999999,13.7,10.6,0.5,0.3,2,4.7,1.7041666666666666,69.54166666666667,24,False,False,False,False,False
서울 강남구,2025-10-27,8.258333333333333,12.0,3.9,0.0,0.0,0,4.4,2.7624999999999997,45.666666666666664,24,False,False,False,False,False
서울 강남구,2025-10-28,8.424999999999999,14.3,3.1,0.0,0.0,0,2.5,1.4541666666666666,52.0,24,False,False,False,False,False
서울 강남구,2025-10-29,11.345833333333333,18.2,6.3,0.0,0.0,0,2.7,1.6958333333333335,63.916666666666664,24,False,False,False,False,False
서울 강남구,2025-10-30,12.766666666666666,18.1,7.8,0.0,0.0,0,2.4,1.4875,70.25,24,False,False,False,False,False
서울 강남구,2025-10-31,14.987499999999999,20.5,11.3,0.1,0.1,1,3.6,1.9291666666666665,69.66666666666667,24,False,False,False,False,False
서울 강남구,2025-11-01,13.016666666666666,17.3,10.6,2.4,1.5,3,4.1,2.341666666666667,70.91666666666667,24,False,False,False,True,False
서울 강남구,2025-11-02,8.370833333333334,11.2,3.7,0.2,0.2,1,5.0,3.1125000000000003,58.208333333333336,24,False,False,False,False,False
서울 강남구,2025-11-03,7.0874999999999995,14.5,0.8,0.0,0.0,0,3.5,1.4291666666666665,52.625,24,False,False,False,False,False
서울 강남구,2025-11-04,10.058333333333334,16.2,5.7,0.0,0.0,0,2.5,1.4083333333333332,60.458333333333336,24,False,False,False,False,False
서울 강남구,2025-11-05,11.591666666666667,18.7,5.7,0.0,0.0,0,2.5,1.4375,59.333333333333336,24,False,False,False,False,False
서울 강남구,2025-11-06,12.395833333333334,18.5,7.5,0.0,0.0,0,3.1,1.6333333333333335,69.66666666666667,24,False,False,False,False,False
서울 강남구,2025-11-07,13.766666666666666,19.9,8.6,0.0,0.0,0,3.5,1.9333333333333333,66.5,24,False,False,False,False,False
서울 강남구,2025-11-08,14.529166666666667,17.0,12.4,0.0,0.0,0,3.3,2.2041666666666666,68.91666666666667,24,False,False,False,False,False
서울 강남구,2025-11-09,13.541666666666666,17.5,10.5,0.0,0.0,0,4.3,2.525,64.95833333333333,24,False,False,False,False,False
서울 강남구,2025-11-10,8.450000000000001,12.3,5.5,0.0,0.0,0,4.4,2.5166666666666666,37.5,24,False,False,False,False,False
서울 강남구,2025-11-11,8.820833333333333,15.1,4.0,0.0,0.0,0,3.5,1.5958333333333332,56.083333333333336,24,False,False,False,False,False
서울 강남구,2025-11-12,10.745833333333332,17.7,6.0,0.0,0.0,0,2.9,1.7083333333333333,66.91666666666667,24,False,False,False,False,False
서울 강남구,2025-11-13,11.020833333333334,17.3,6.8,0.0,0.0,0,3.1,1.8499999999999999,63.916666666666664,24,False,False,False,False,False
서울 강남구,2025-11-14,9.137500000000001,14.8,4.6,0.0,0.0,0,3.8,1.9000000000000001,54.208333333333336,24,False,False,False,False,False
서울 강남구,2025-11-15,9.633333333333333,17.3,3.7,0.0,0.0,0,2.2,1.3916666666666666,49.416666666666664,24,False,False,False,False,False
서울 강남구,2025-11-16,11.629166666666668,18.4,5.7,0.3,0.3,1,4.3,2.4583333333333335,57.708333333333336,24,False,False,False,False,False
서울 강남구,2025-11-17,3.6750000000000003,8.5,-0.6,0.0,0.0,0,5.1,3.6791666666666667,38.5,24,False,False,False,False,False
서울 강남구,2025-11-18,1.5374999999999999,6.3,-2.0,0.0,0.0,0,3.8,2.404166666666667,46.916666666666664,24,False,False,False,False,False
서울 강남구,2025-11-19,2.954166666666667,8.5,-1.4,0.0,0.0,0,2.9,1.5916666666666668,49.541666666666664,24,False,False,False,False,False
서울 강남구,2025-11-20,7.270833333333333,14.6,1.7,0.0,0.0,0,5.0,2.566666666666667,57.625,24,False,False,False,False,False
서울 강남구,2025-11-21,7.141666666666667,12.3,1.0,0.0,0.0,0,4.5,1.925,57.583333333333336,24,False,False,False,False,False
서울 강남구,2025-11-22,9.516666666666667,14.8,5.5,0.0,0.0,0,4.2,1.7208333333333332,65.375,24,False,False,False,False,False
서울 강남구,2025-11-23,10.779166666666667,14.1,6.7,0.0,0.0,0,4.2,2.075,69.66666666666667,24,False,False,False,False,False
서울 강남구,2025-11-24,12.4625,16.6,9.6,0.0,0.0,0,3.8,1.7833333333333332,71.20833333333333,24,False,False,False,False,False
서울 강남구,2025-11-25,7.4624999999999995,9.1,5.3,7.800000000000001,6.2,2,4.3,2.379166666666667,81.91666666666667,24,False,False,False,True,False
서울 강남구,2025-11-26,6.520833333333333,10.8,3.5,0.0,0.0,0,3.2,1.5291666666666668,65.33333333333333,24,False,False,False,False,False
서울 강남구,2025-11-27,5.241666666666666,8.4,2.5,10.0,7.4,3,4.8,3.1041666666666665,77.83333333333333,24,False,False,False,True,False
서울 강남구,2025-11-28,2.4,6.7,-1.3,0.0,0.0,0,3.3,1.8875,56.458333333333336,24,False,False,False,False,False
서울 강남구,2025-11-29,5.320833333333334,9.2,0.3,0.1,0.1,1,3.0,2.216666666666667,56.25,24,False,False,False,False,False
서울 강남구,2025-11-30,12.4125,15.9,9.2,0.0,0.0,0,3.4,1.8083333333333333,78.125,24,False,False,False,False,False
서울 강남구,2025-12-01,6.016666666666667,11.5,2.3,0.0,0.0,0,4.6,3.0625,52.083333333333336,24,False,False,False,False,False
서울 강남구,2025-12-02,0.4041666666666666,3.3,-5.4,0.0,0.0,0,5.8,3.466666666666667,40.416666666666664,24,False,False,False,False,False
서울 강남구,2025-12-03,-5.820833333333333,-3.1,-8.1,0.0,0.0,0,5.3,3.2416666666666667,42.291666666666664,24,False,False,False,False,False
서울 강남구,2025-12-04,-3.454166666666667,3.3,-9.4,4.0,4.0,1,4.9,2.1708333333333334,49.083333333333336,24,False,False,False,True,False
서울 강남구,2025-12-05,-2.6166666666666667,2.0,-6.8,0.0,0.0,0,3.2,1.8958333333333333,54.375,24,False,False,False,False,False
서울 강남구,2025-12-06,1.9375,4.4,-1.4,0.6,0.6,1,2.8,2.0166666666666666,69.95833333333333,24,False,False,False,False,False
서울 강남구,2025-12-07,8.191666666666666,13.3,3.4,0.0,0.0,0,4.6,2.1999999999999997,79.66666666666667,24,False,False,False,False,False
서울 강남구,2025-12-08,3.595833333333333,7.3,0.8,0.0,0.0,0,3.8,2.125,45.5,24,False,False,False,False,False
서울 강남구,2025-12-09,2.7583333333333333,8.3,-2.3,0.0,0.0,0,2.9,1.5750000000000002,57.583333333333336,24,False,False,False,False,False
서울 강남구,2025-12-10,4.741666666666666,8.5,0.7,0.0,0.0,0,3.5,1.8416666666666668,72.66666666666667,24,False,False,False,False,False
서울 강남구,2025-12-11,4.2875000000000005,7.9,-1.7,12.899999999999999,10.2,3,5.1,2.6875,69.625,24,False,False,False,True,False
서울 강남구,2025-12-12,1.9916666666666665,6.9,-3.5,0.0,0.0,0,3.2,2.025,55.416666666666664,24,False,False,False,False,False
서울 강남구,2025-12-13,2.7708333333333335,4.5,-0.8,9.5,4.1,4,3.8,2.4916666666666667,80.66666666666667,24,False,False,False,True,False
서울 강남구,2025-12-14,-0.054166666666666675,3.0,-1.5,0.1,0.1,1,3.6,1.9666666666666668,77.20833333333333,24,False,False,False,False,False
서울 강남구,2025-12-15,0.5583333333333332,4.5,-3.5,0.0,0.0,0,2.7,1.8875,76.04166666666667,24,False,False,False,False,False
서울 강남구,2025-12-16,3.6750000000000003,5.0,2.3,2.1,1.1,3,3.1,2.154166666666667,87.66666666666667,24,False,False,False,True,False
서울 강남구,2025-12-17,4.375,7.3,1.2,0.0,0.0,0,3.9,2.1125000000000003,74.04166666666667,24,False,False,False,False,False
서울 강남구,2025-12-18,2.4208333333333334,8.4,-1.9,0.0,0.0,0,2.8,1.6916666666666667,59.791666666666664,24,False,False,False,False,False
서울 강남구,2025-12-19,4.558333333333334,9.9,-0.6,0.0,0.0,0,3.3,2.0375,66.625,24,False,False,False,False,False
서울 강남구,2025-12-20,7.4875,10.7,1.0,0.30000000000000004,0.1,3,3.9,2.3041666666666667,75.16666666666667,24,False,False,False,False,False
서울 강남구,2025-12-21,-0.9583333333333334,2.0,-3.4,0.0,0.0,0,3.6,2.7916666666666665,42.291666666666664,24,False,False,False,False,False
서울 강남구,2025-12-22,-0.8541666666666666,5.0,-5.7,0.0,0.0,0,3.3,1.8333333333333333,45.125,24,False,False,False,False,False
서울 강남구,2025-12-23,2.470833333333333,4.3,0.2,10.8,4.6,4,3.9,2.4208333333333334,68.875,24,False,False,False,True,False
서울 강남구,2025-12-24,2.9250000000000003,5.9,-0.9,0.0,0.0,0,3.7,2.3833333333333333,78.875,24,False,False,False,False,False
서울 강남구,2025-12-25,-3.2624999999999997,-0.3,-8.9,0.0,0.0,0,5.3,3.908333333333333,56.416666666666664,24,False,False,False,False,False
서울 강남구,2025-12-26,-8.299999999999999,-4.0,-11.8,0.0,0.0,0,5.2,2.6833333333333336,39.541666666666664,24,False,False,True,False,False
서울 강남구,2025-12-27,-2.8791666666666664,0.4,-7.9,0.0,0.0,0,3.0,2.1416666666666666,50.541666666666664,24,False,False,False,False,False
서울 강남구,2025-12-28,3.025,5.8,0.1,0.6,0.5,2,2.6,2.004166666666667,75.79166666666667,24,False,False,False,False,False
서울 강남구,2025-12-29,5.170833333333333,9.0,-0.1,0.3,0.3,1,4.1,2.1708333333333334,75.79166666666667,24,False,False,False,False,False
서울 강남구,2025-12-30,-0.49583333333333335,3.4,-3.6,0.0,0.0,0,4.1,2.433333333333333,45.583333333333336,24,False,False,False,False,False
서울 강남구,2025-12-31,-5.291666666666667,-1.5,-8.9,0.0,0.0,0,4.4,2.9958333333333336,39.833333333333336,24,False,False,False,False,False
